epoch,train/box_loss,train/obj_loss,train/da_seg_loss,train/ll_seg_loss,train/total_loss,val/box_loss,val/obj_loss,val/da_seg_loss,val/ll_seg_loss,val/total_loss,metrics/P,metrics/R,metrics/mAP50,metrics/mAP75,metrics/mAP50-95,metrics/da_acc,metrics/da_iou,metrics/da_miou,metrics/ll_acc,metrics/ll_iou,metrics/ll_miou,lr,fitness
1,0.022212218262371002,0.007395913341502453,0.07486055177573712,0.08920250239979881,0.19367118419143203,0.03300889501917548,0.8584098309927037,0.1329298520489678,0.11581621395298546,1.1401647736989156,0.8808892916876666,0.8980582524271845,0.9452131379433071,0.7247149732453997,0.609893511051253,0.8545521642918825,0.554489424737925,0.6884007262962692,0.0,0.0,0.49600686573474384,4.799989340836014e-06,0.6434254737404584
2,0.019347161381973507,0.004144899048335811,0.06802320379976164,0.08820941198346992,0.17972467492281463,0.01718502011941505,0.7702428922504959,0.12607196027441964,0.11583663266480278,1.029336473484731,0.8640416570537668,0.8980582524271845,0.940706443391191,0.9220124228677685,0.7903723144177089,0.9747831885074841,0.9222327721170006,0.9431280595953995,0.8545519435901984,0.2740387685196056,0.6278320910661186,9.649914282767776e-06,0.8054057273150572
3,0.017128871401356913,0.002477781944015483,0.06402159520844722,0.08715894815410666,0.17078719732057246,0.015261474279542045,0.7573253343018843,0.1255768502777722,0.11589146087940184,1.0140551056886584,0.9203322900985904,0.9053398058252428,0.9559445118779845,0.9356953272957049,0.8224300678424885,0.9823453017055269,0.9452018883330977,0.9599068751881684,0.8961277235520932,0.24185986798092715,0.6095336845232455,1.4499710205885896e-05,0.8357815122460381
4,0.01545315462690561,0.001931261592423978,0.0618520480209064,0.0866985048066072,0.16593496895207024,0.015303476400325955,0.7528768118428443,0.12530041513047688,0.11578202259200843,1.0092627026256502,0.924552470107324,0.9220432773085792,0.9632187536119315,0.9450712938732492,0.8275204596049421,0.987886532095567,0.9622453251959904,0.9723572759548311,0.89063765088555,0.29545352861106616,0.6391213011366002,1.934931249240473e-05,0.8410902890056411
5,0.014472052235677461,0.001681529633276204,0.06055768735590994,0.08638290551833692,0.16309417421336,0.01577311381157198,0.7524985385558767,0.12512856359000032,0.1156993043642742,1.009099511902567,0.9507945972435695,0.9077669902912622,0.9679108677867335,0.950812239257786,0.823317815091757,0.9914709943508925,0.9734364169570245,0.9805047438450455,0.8985620655781297,0.3547331709804371,0.6707526329282157,2.4198656527725283e-05,0.8377771203612547
6,0.013842805222526119,0.001514162058348482,0.05980492524146416,0.08618418815897999,0.16134608085291374,0.014644168732697482,0.7459647369384764,0.12503534748455403,0.11564392834863206,1.001288173112227,0.954179330043245,0.9101941747572816,0.9724434097410057,0.9525092703685301,0.8369603819188558,0.9931036134499138,0.97853994592736,0.9842274849063669,0.9095521329239269,0.40304936142059317,0.696083976135701,2.9047677701498125e-05,0.8505086847010709
7,0.013040226487915753,0.0013848515542059976,0.05940259917798438,0.08597042441966465,0.15979810128557867,0.0172297106814508,0.7525711356049373,0.12498333274237232,0.11560729989502097,1.0103914632698414,0.9526044522538227,0.9268975653440433,0.9766448087602572,0.9574375221372866,0.8145353144931675,0.9938076829663215,0.9807474996153037,0.9858380839175968,0.9295655340974849,0.43586539825055354,0.7130773686013737,3.389631140868619e-05,0.8307462639198765
8,0.012731137918067103,0.0013319824311708544,0.05913994692922256,0.08583216991642287,0.15903523641546774,0.014151179889323181,0.7436447147507742,0.12495292630529156,0.11557140516918249,0.9983201990473456,0.9527349025745157,0.9295824942280364,0.9787889421947531,0.9600202726366696,0.8514128379851126,0.9942602637449625,0.9821761523072271,0.9868775644540925,0.9473226392824936,0.47216208325659137,0.7318111676473439,3.874449305062755e-05,0.8641504484060767
9,0.012030442143968973,0.0012496701654992567,0.058869016062410386,0.08568974224358333,0.1578388690485238,0.014376119894067235,0.7424616822554039,0.12493158104815014,0.11554527196820845,0.9973146155708195,0.9290679943765904,0.9538834951456311,0.9815074140651674,0.9598143900885432,0.8536499981430559,0.9945892478051238,0.9832388219114944,0.9876425809821754,0.9596750908596289,0.4966253347693016,0.7443948394086082,4.3592158036098035e-05,0.8664357397352671
10,0.011925478370696149,0.0012064895315645895,0.058804947689870476,0.08555744823859764,0.1574943635439008,0.013443755498204205,0.7383695746703469,0.12491383677628373,0.11552119057220189,0.9922483288562359,0.9353623112872831,0.9490291262135923,0.9828263993524683,0.9623275843948971,0.8638713316694941,0.9949093489133563,0.9842865981865047,0.988393019503817,0.966042768609367,0.5212607002779583,0.7570594447795516,4.843924178237387e-05,0.8757668384377917
11,0.01146756059765198,0.0011428986142336401,0.058669329365145975,0.08547902576760462,0.15675881358317142,0.014431464140896973,0.7404971890622469,0.1249027040261061,0.11551014440124517,0.9953414751458044,0.9314324787379269,0.9563106796116505,0.9840337114430094,0.9645084547742602,0.8534963055978471,0.995163558757916,0.9850805671871278,0.9889749805975223,0.9695805062125943,0.5336788538495255,0.7634301613384871,4.99365797716489e-05,0.8665500461823633
12,0.011422338121295596,0.0010901570351012633,0.0585382061532742,0.0854329101770267,0.15648361098581026,0.013405958210248408,0.737412378182683,0.12488617674674395,0.11550753982496385,0.9912120239722296,0.9401609551396366,0.9533684899582038,0.9848916084546605,0.9649999140948836,0.8694082723772034,0.9952722905872193,0.9854641422206728,0.9892415504940387,0.9723010504288054,0.5328628439039764,0.7630010497343629,4.998656633798689e-05,0.8809566059849492
13,0.011024205826724745,0.0010642177186944936,0.058520188931510855,0.0854264863578535,0.15603509792392117,0.013492443629497072,0.7367620667768883,0.12488408436892563,0.11549988943948337,0.9906384605200179,0.9298950233481925,0.9684466019417476,0.9854560825684846,0.9741368985907009,0.865294704499054,0.9954557066781808,0.9860543503360305,0.9896684592917355,0.9738130831035902,0.541326312197535,0.7673424208769538,4.998401313441326e-05,0.8773108423059971
14,0.010846971526664776,0.0010563042914311501,0.058368962065080285,0.08535089297943936,0.15562313084775303,0.014065160294270887,0.7370722467294007,0.12487485059030315,0.11549773712888592,0.9915099724586763,0.9275752663881315,0.9684466019417476,0.9857807026972246,0.9662392010761043,0.8571723889960932,0.9955315603411053,0.9862952074588169,0.9898438058026802,0.974943275378785,0.5425003799501277,0.7679416341503581,4.998123802270715e-05,0.8700332203662063
15,0.010638705782322065,0.0009978061860398306,0.058332203872926494,0.08531651782943177,0.15528523257976987,0.014000225925692623,0.737332826525436,0.124880012259891,0.11549394976328382,0.9917070062666977,0.9398561341076231,0.9514563106796117,0.986223690069822,0.9750798845608426,0.8649560696476483,0.9955138619027055,0.9862547459185032,0.9898090827050663,0.9757574452475288,0.545920686627443,0.7696942135925419,4.9978241030257813e-05,0.8770828316898657
16,0.010378910303115847,0.000962443911890292,0.05827954872824985,0.08530040785979112,0.1549213100900304,0.012730245608739902,0.7335419017416206,0.1248564646806124,0.11548761165474054,0.9866162288374234,0.9402633007623611,0.9563106796116505,0.9865956236649515,0.9748655030958606,0.8782496880213655,0.9957253436240645,0.9868871804679555,0.9902826617057958,0.9762742294396511,0.5556110687899437,0.7746634366033275,4.9975022186644335e-05,0.8890842815857241
17,0.010371795824772335,0.0009593302590550539,0.05824008659300409,0.08528309215072523,0.15485430404621084,0.012855200007789495,0.7332994897872056,0.12485936697128523,0.11548783937034829,0.9865018669805379,0.9511940933800409,0.9466019417475728,0.9867019406945442,0.9751342490697336,0.8753770735716557,0.9956717535621761,0.986750780026189,0.9901723049147511,0.9768730535030659,0.5529818647918123,0.7733134712781031,4.99715815236354e-05,0.8865095602839446
18,0.010115204697445883,0.0009449893201416638,0.058207982021909924,0.08524741770921594,0.15451559362633857,0.012005673875462822,0.7316831950449575,0.12485730289023157,0.11548189004313761,0.9840280265388094,0.924122284019301,0.9755108855548565,0.9870003715746974,0.9763011924789438,0.8841135505084974,0.9955873542746113,0.9865103465778747,0.9899879417182285,0.9765458328403536,0.5624036765139107,0.7781446830702166,4.9967919075188965e-05,0.8944022326151174
19,0.009906468255532219,0.0008804727967230149,0.05815431133993549,0.085217479973491,0.1541587307354329,0.012418432470430361,0.7325287118229842,0.12485075850097627,0.11548750010835383,0.9852853905351668,0.9302324053331991,0.9708715058102942,0.9870108819177811,0.9758421629375804,0.8803838416987956,0.9957782815198618,0.9870844597700625,0.9904167289671233,0.9776207220365092,0.5524817616773992,0.7730543097851961,4.9964034877451944e-05,0.8910465457206942
20,0.009830052302909018,0.0008845886711629564,0.05812920112683983,0.08521958756130285,0.15406342893066802,0.011244733642420004,0.7303517071817821,0.12484624483888013,0.11548446866784998,0.981927134521267,0.9364687758574878,0.9659900583890045,0.9869212424246846,0.9756923080737969,0.9024234343886007,0.9958503571171563,0.9873380897195744,0.9905935736327519,0.9780965875950814,0.5562746010385005,0.7749975851148317,4.995992896875977e-05,0.9108732151922091
21,0.00981201068107328,0.0008651431221418429,0.05806341784682916,0.08519050205811626,0.15393107241608317,0.011983811762666456,0.7308805479533931,0.12483941663268934,0.11547849889979771,0.9831822455855849,0.9303981029416067,0.9757281553398058,0.9876492831752938,0.9770035886295636,0.8865263418470011,0.9959063084700633,0.9875128887041031,0.9907218160115558,0.9779414985049146,0.5650538979653599,0.7794973936508728,4.9955601389636114e-05,0.8966386359798304
22,0.009468598260780689,0.0008409831564815558,0.05805497326999131,0.08518744464191594,0.1535519989969817,0.010763577686072633,0.7294224046301966,0.12484304189990839,0.11547286445612734,0.9805018586815948,0.9244594775443363,0.9805825242718447,0.9882467361818084,0.9776421438218064,0.9070369045144698,0.9959636316206103,0.9876908934392037,0.9908528113902549,0.9782430975721075,0.5724351942777399,0.7832772305880842,4.995105218279244e-05,0.9151578876812037
23,0.009468495191070084,0.000811395032495415,0.058027109797136774,0.08516040155326302,0.15346740085843932,0.010583033969365255,0.7293449615320392,0.12483424782135326,0.11547705734756636,0.9802392955888738,0.937062046159666,0.9757134501500003,0.9881688491609212,0.9772341334141962,0.9091265414333515,0.9959536467328729,0.9876613239918809,0.9908305444380281,0.9785784537091863,0.5659641619338048,0.7799620793076141,4.994628139312757e-05,0.9170307722061084
24,0.009337455034255983,0.0007838597774042366,0.05804357814742493,0.08516440799199237,0.15332930083410728,0.011098113504716154,0.7286811239608213,0.1248408072275819,0.11547499496509066,0.9800950199211199,0.9413131285748122,0.9732759153854112,0.9883199812855963,0.9774676712668241,0.9032135697984922,0.9960302650043178,0.987894783622007,0.9910039509047042,0.9788665380825674,0.5683132782953813,0.7811640690599652,4.994128906772729e-05,0.9117242109472026
25,0.0094405853810088,0.0007918280293595604,0.05803334907932603,0.08513850276720339,0.1534042657965823,0.012744203101785692,0.7298371820005107,0.12483926271836375,0.11547704192525056,0.9828976605840297,0.9412278247931701,0.9733009708737864,0.9881083330403528,0.9765339885679862,0.8821938196267854,0.9960238108088662,0.987876483090928,0.9909900218592805,0.9795496461896094,0.5649232356806799,0.7794244697488903,4.9936075255863814e-05,0.8927852709681422
26,0.009220287799835209,0.000755671082074161,0.057996648310688494,0.08514998697825356,0.15312259385622845,0.011500459137358197,0.7266981834451154,0.12483571670524815,0.11547659514134104,0.9785109437191425,0.9411728046602023,0.9708096504629566,0.9879783870341974,0.9862746217037787,0.8986738527944025,0.9960408795696598,0.987926665712652,0.9910279638134818,0.9795467177403487,0.5653698917524502,0.7796536351474342,4.9930640008995384e-05,0.907604306218382
27,0.009119786382339162,0.0007676665577554949,0.05793482507217116,0.08511791206471661,0.152940189128095,0.012233331388760108,0.7286756106361822,0.12483385710981844,0.11547617436690652,0.9812189464124373,0.9412449303555459,0.9757281553398058,0.9884083182242434,0.9864582712743022,0.8878690171113505,0.995933002302821,0.9875968151312771,0.9907834320767744,0.9795853205226178,0.5663446781569116,0.7801530986118805,4.992498338076567e-05,0.8979229472226398
28,0.009054038438154628,0.0007552321073768054,0.057900650204772156,0.08512640716459775,0.15283632695366065,0.011776356400603457,0.728496910846295,0.12483147141846967,0.11547484504628366,0.980579554725805,0.9393844502004834,0.9779926876597411,0.9881515438832007,0.9866545964579628,0.8941849159531536,0.9959523873776629,0.987658819688612,0.9908284932363314,0.980251708254008,0.5678632656657845,0.7809287210084883,4.9919105427003324e-05,0.9035815787461584
29,0.009075360267273496,0.0007538101223775144,0.05785400339358829,0.08507138114287445,0.15275455385909797,0.010977484203990879,0.7268499803296026,0.1248207599928342,0.115471900435927,0.9781201151368532,0.9542127776580147,0.9610752848011623,0.9880458351021053,0.9766029944859064,0.9089296700646218,0.9959310458045482,0.9875860780325718,0.9907770590911152,0.9800679698739976,0.572320071809594,0.7832119690822433,4.991300620572138e-05,0.9168412865683702
30,0.008902993788990949,0.000735909719541283,0.057903071701372225,0.08511792656053534,0.15265990037065713,0.011452450851084655,0.7268205004281947,0.12482760452853583,0.11547033302485943,0.9785708720202273,0.9451113708777877,0.9733009708737864,0.9887211696535061,0.9873454845090958,0.903774943541217,0.9958242030080602,0.9872817834120801,0.9905439405692562,0.9803321929421985,0.5737485620858376,0.7839432012685194,4.990668577711668e-05,0.9122695661524459
31,0.008823503070544702,0.0007083593625478793,0.057913489967893444,0.085075684567344,0.15252103567741077,0.01124951128514937,0.7258017394703284,0.1248114082402516,0.1154752861071436,0.9773379116478361,0.9310283406212871,0.982915892062525,0.9878662412067145,0.9863381583111764,0.9071287737823109,0.9962155251511227,0.988446360545403,0.9914180075183728,0.9802653602771875,0.5666443577781286,0.7803044169879291,4.9900144203569306e-05,0.9152025205247514
32,0.008658031947872184,0.0007341826490942059,0.057840790908416935,0.08511279850059376,0.15234580296308883,0.01174414539584224,0.726581733980327,0.12481076108204886,0.11547361781405661,0.9786102475279971,0.9435253994616629,0.9732278502216483,0.988784982611181,0.9773087476127884,0.8946922004238342,0.99606460492228,0.9879971956478204,0.9910807417495581,0.9807934440236891,0.5683511461559689,0.7811770818138176,4.989338154964194e-05,0.904101478642569
33,0.00883625417793353,0.0007197636296403221,0.057834580482750975,0.08508978779258815,0.15248038700825192,0.009998223225687452,0.7242662277616985,0.12481296020005034,0.11546977979029707,0.974547172457443,0.9499864290723826,0.9681705719091416,0.9891694782437116,0.9876656612333481,0.9253369651677119,0.9960139833405298,0.9878476412523781,0.9909680946944123,0.9807655142524255,0.5730740639869635,0.783595890216222,4.988639788207926e-05,0.931720216475312
34,0.008541397443089462,0.0007093923500319219,0.05785630763040305,0.08500634958494667,0.1521134467631424,0.010491118344618251,0.7246535531473901,0.12481709619877869,0.11547161671550163,0.9754333761689576,0.9570265378737957,0.9729695113662787,0.9897443369898606,0.9794963525064613,0.9157650571113335,0.9961709079951062,0.9883253186198332,0.9913228621394111,0.9814259551838811,0.5700446338277572,0.7820424326209043,4.987919326980723e-05,0.9231629850991863
35,0.00865913132929431,0.0007098396736259909,0.05782786139089209,0.08509206718287474,0.15228889905726972,0.011436179369842453,0.7257855643633113,0.12481096552906877,0.11547431508996017,0.9775070026130874,0.9414274543210001,0.9752948345532558,0.9890077651829275,0.9874252886243967,0.9018661340175033,0.9961399638385146,0.9882288618222053,0.991252186767632,0.9816527122402147,0.5663492043042098,0.7801487663442722,4.987176778393248e-05,0.9105802971340458
36,0.008392218814612669,0.0006723716075247435,0.05775900775750066,0.08506684086811511,0.15189043830095794,0.011610013203299725,0.7248313646860072,0.12479882610122157,0.11547032889422666,0.9767104927739949,0.9481097586555408,0.975659911119657,0.9890957017215755,0.9788015398597654,0.8984534068694974,0.9961116058578006,0.9881450462255091,0.9911889002550385,0.9816981018816212,0.5725393657525039,0.7833187732511396,4.986412149774155e-05,0.9075176363547052
37,0.008450096487381297,0.0006689221500732742,0.05782137618163707,0.08504493607430107,0.15198533051681024,0.01072166631258831,0.7237849157461848,0.12482475288636943,0.11547065732778662,0.9748019687252342,0.9611643407605664,0.9611468673647211,0.9891173750362529,0.9785891130049562,0.9084634732937233,0.995887440630397,0.9874353646329029,0.9906774634165539,0.9816088831626679,0.5706042727613106,0.7823281750785088,4.985625448670019e-05,0.9165288634679762
38,0.008422092291975266,0.0006579972595130843,0.05776804494502631,0.08503940463104705,0.151887539368837,0.010671391882426998,0.7234542846679687,0.12481835804918269,0.11547120753193149,0.974415217038881,0.9588706656742475,0.9660194174757282,0.9894561103809046,0.987930710128301,0.913509696227482,0.9961442816278067,0.9882412071656917,0.9912616399568625,0.9819231232343338,0.5699159573480531,0.7819747485712975,4.984816682845264e-05,0.9211043376428243
39,0.008247759126010954,0.0006719535218619314,0.05770874002205276,0.08505748128373697,0.15168593268011518,0.009934446360780787,0.7243439847323562,0.12481616564828497,0.11547089635437943,0.9745654769512038,0.9374951231092445,0.9829280800032771,0.9892956073802311,0.9787671054143138,0.9267397709018678,0.9960269367084055,0.9878900068484375,0.9909986144349207,0.9820485308523639,0.570295181063298,0.7821685420200045,4.983985860282081e-05,0.9329953545497041
40,0.008202761170777633,0.0006559580736286897,0.057694466041468585,0.08504478538823869,0.15159797081675555,0.01017582098437097,0.7234815326749969,0.12481543012542429,0.11546823941171169,0.9739410117500187,0.9503462954059975,0.9755566120831001,0.9894878874358667,0.9882541397378921,0.9164595884621459,0.9959233322538857,0.9875661894301131,0.9907627519697477,0.9816704675491049,0.5738475094899866,0.7839886305527209,4.983132989180354e-05,0.923762418359518
41,0.00809549647909372,0.0006612577258459643,0.057713687111059,0.08502331543520787,0.1514937561873945,0.010217252315017224,0.7228773889887516,0.1248300406753708,0.11546879322533471,0.9733934538352057,0.9436800870369999,0.9781553398058253,0.9894990965788961,0.9880935104027806,0.9191213852515989,0.9955856226611974,0.9865203701920471,0.9900023687885554,0.9820758389964839,0.573663807812926,0.7838932482555885,4.9822580779575757e-05,0.9261591563843287
42,0.008116025115541846,0.0006415510183402914,0.05763444333419281,0.08503808387569659,0.151430103290884,0.00984361492908063,0.7226601062043343,0.12484044184030028,0.1154729546351754,0.9728170966854985,0.9439091052803751,0.9802844300789064,0.9890624951010712,0.9788583155038202,0.9271811998394301,0.9953137143782386,0.9857077930065878,0.9893942873053881,0.982152950450538,0.5674253289080065,0.780697924869555,4.981361135248767e-05,0.9333693293655942
43,0.008015940405544219,0.0006401447036877815,0.05766034714993418,0.08502462588327846,0.15134105920173963,0.01032439439407902,0.7239592450393912,0.12481350536636739,0.11546931534503717,0.9745664389639939,0.9701052735915556,0.9514563106796117,0.989975492554082,0.9885690199700933,0.9162781680350294,0.9957087696099595,0.9868957692336741,0.9902788169942849,0.9821163706065322,0.5725602761491657,0.7833281071624107,4.9804421699063906e-05,0.9236479004869347
44,0.00791237309806705,0.0006324634010001166,0.05764201271873682,0.08504463706184855,0.1512314863309959,0.010276247188834945,0.723017643745699,0.12479149411224948,0.1154729445016137,0.9735582986643895,0.9592318252930113,0.9708542543159989,0.9900792871673325,0.9800170000802301,0.9167850883757085,0.9961367479850317,0.9882101369914293,0.991242651950707,0.9823103872931898,0.5661543309988369,0.7800464755120269,4.979501191000262e-05,0.924114508254871
45,0.007963504303304643,0.0006118986838608206,0.05767641199144675,0.08504269738232842,0.15129451198899066,0.010652445289137452,0.7229496385643518,0.12480030228128088,0.11546987159071499,0.9738722323136009,0.9498768036287938,0.970873786407767,0.9896579487506622,0.9783665516696592,0.9183273196156586,0.9959642837867011,0.9876888141092136,0.9908551344716627,0.9825581404485808,0.5707579590966847,0.7824035452326438,4.978538207817465e-05,0.925460382529159
46,0.0079131782301967,0.0006228212788315019,0.05760257758702021,0.08502718682251291,0.1511657633312008,0.00985499059598063,0.7231006816014108,0.12478607777177979,0.1154673541244602,0.9732090972865801,0.9393753444426167,0.9805825242718447,0.989284816675464,0.9777221828103974,0.9236968058375898,0.9961781942645365,0.9883515165596133,0.9913408705784034,0.9819624709069013,0.5746048034649989,0.7843754296035791,4.977553229862255e-05,0.9302556069213773
47,0.007865528791679616,0.0006033230150224631,0.057601521534777676,0.08500824910178395,0.15107862211262008,0.010764825183492869,0.7231713570708438,0.1247840722530617,0.11546777925150073,0.9741880208099444,0.943887275726899,0.9805825242718447,0.9900923763415121,0.9787861349356682,0.9115036792372377,0.9960504596646518,0.9879515730406707,0.991050066965807,0.9826310889721317,0.5737222835331057,0.7839214086633057,4.976546266855965e-05,0.9193625489476652
48,0.0077692531829053274,0.0005959552630704918,0.057672153038836514,0.08499108042587271,0.1510284411783663,0.009482867705389622,0.7213646215725441,0.12477889020053834,0.11546696866307543,0.9710933319027559,0.9482751927459923,0.9805825242718447,0.9904984326410974,0.989262894535508,0.9301744000390684,0.9962702396373055,0.9886289272856964,0.9915478268857865,0.9826761910435456,0.5744359667430678,0.7842864406300198,4.975517328736914e-05,0.9362068032992713
49,0.007701728868978627,0.0005883237711815024,0.05758012491495498,0.08500243494180972,0.15087261317307468,0.008778400347022812,0.7218212926202489,0.12479213378126758,0.11546729403726487,0.9708591010904065,0.9655517371463356,0.9587378640776699,0.9897584904060385,0.9792287048758384,0.9416828648620715,0.9961685916810592,0.9883149609844412,0.991316936931128,0.9825581350582933,0.5741783697379627,0.784154686609706,4.974466425660307e-05,0.9464904274164683
50,0.0077979008089075425,0.000584165538260665,0.05753988928977072,0.08498562599768755,0.15090758102545465,0.010352244865091354,0.7233373952282527,0.12478464837982246,0.11546707946633428,0.9739413434359694,0.9521142364873695,0.9781553398058253,0.9901525463328799,0.9797494403355058,0.9199005994600145,0.996096965853483,0.9881047886566154,0.9911582562128728,0.9828474793187615,0.5742974981077134,0.7842155543361885,4.973393567998132e-05,0.926925794147301
51,0.007742547513289775,0.0005969971352753859,0.05757234276421947,0.08499050001406298,0.1509023876233422,0.008859428908540795,0.7211656726580211,0.12479521631422438,0.11546556576314368,0.970285870559475,0.965796882945019,0.9635922330097088,0.9901745544655596,0.9887608831645693,0.9445637798844949,0.9960861264032814,0.9880569214347781,0.991128860341533,0.982506268370247,0.576375264796699,0.7852800867231816,4.97229876633906e-05,0.9491248573426013
52,0.007691215956149321,0.0005716283237223798,0.05750895160313097,0.0850022394895322,0.1507740362011707,0.010669970370327254,0.7222391944845723,0.12477592606618615,0.1154653544928589,0.9731504077120766,0.9656805454235953,0.956145743907861,0.9897844843220382,0.9881754358497266,0.914648762468061,0.9961176552605066,0.9881651842729561,0.9912034135120177,0.9825492134284483,0.576924600800287,0.7855611701587256,4.9711820314883436e-05,0.9221623346534588
53,0.007597917006423438,0.0005605439237593986,0.05753475383232912,0.0849634543534156,0.1506566680157123,0.009768306517230416,0.7214239727277214,0.12476740391452078,0.1154628320852864,0.9714225042669267,0.9656624993395106,0.9587378640776699,0.9898690878338212,0.9790072819117182,0.9257127317039938,0.9962990923647094,0.9887086607936356,0.9916102352044812,0.9826598190834606,0.5813145347692084,0.787807747857411,4.970043374467703e-05,0.9321283673169766
54,0.007653613967599028,0.0005706695453722244,0.05748205919571491,0.08498567541086458,0.15069201743046853,0.00925614056191914,0.7213908572024014,0.12477687024390759,0.11546930478683098,0.9708931659169765,0.9751840750198817,0.9538037033181942,0.9899180005592997,0.9875408016061111,0.9334039739927888,0.9960216744027057,0.9878658127159314,0.9909853697943886,0.983190714946252,0.569921028621391,0.7819730761579561,4.968882806515226e-05,0.9390553766494399
55,0.007598321351362632,0.0005547669184408654,0.05750453049423163,0.08499994487960104,0.15065756169934347,0.009285349005862222,0.7193995065639676,0.12477405280492466,0.11546342500480654,0.9689223102337338,0.9658212359329288,0.9635922330097088,0.990393166204762,0.9888450597618026,0.9377795081926971,0.9962529684801382,0.9885842043124036,0.991511900774542,0.9830639598015332,0.5785256582508954,0.7863795038852969,4.967700339085246e-05,0.9430408739939036
56,0.007623307612275829,0.0005517303244900825,0.05749557659493209,0.0849943066430833,0.15066492140601953,0.00917867892764393,0.7216835033831818,0.12477974991261033,0.11546813271013258,0.971110041895061,0.9654259637186053,0.9587378640776699,0.9892091651690592,0.9871384559688382,0.9358881919137282,0.9960602421560164,0.9879814194382796,0.9910718477445031,0.9832751259689623,0.5713027007704466,0.7826810917861218,4.9664959838482415e-05,0.9412202892392613
57,0.007500084941251288,0.0005571612920322566,0.05749002668446827,0.08498875433434322,0.15053602651610892,0.008951157702065502,0.720862997183528,0.1247578510348661,0.11546657391741795,0.9700385610056664,0.9749712558889426,0.9514563106796117,0.99042089745513,0.9799116777158221,0.9377004307885615,0.9963601261154291,0.9889014871265027,0.9917507076595151,0.9829343916323625,0.5732822504165263,0.7836956055498745,4.965269752690713e-05,0.9429724774552183
58,0.007406251751697124,0.0005626197197894358,0.0574629078064249,0.08499525404424248,0.15042703301486574,0.008771480902488983,0.7212402893224527,0.12483568045605031,0.11546307852385575,0.9703105008663909,0.965582472435277,0.9538834951456311,0.9895175988868531,0.9879296568358328,0.9410090939127971,0.9949912294905007,0.9847497512855098,0.9886918103869539,0.9835469220550073,0.5782079285580055,0.7862157124056447,4.964021657715064e-05,0.9458599444102027
59,0.007388789635248134,0.0005631730844474211,0.05749209375733538,0.08499374744419606,0.15043780423816622,0.010550896120812609,0.7221770283595268,0.12478216899645761,0.11546793408267239,0.972978000504983,0.9726960849870097,0.951147825332193,0.9896281510586757,0.9879344028612252,0.9116552873770913,0.9958305447610823,0.9872748652723768,0.9905543482506616,0.9835848158800159,0.5709156071212185,0.7824818393292413,4.962751711239492e-05,0.9194525737452498
60,0.007367072710719134,0.0005642873764887376,0.05747488434450614,0.0849930759895728,0.15039932063824155,0.00914230155821291,0.719576265008956,0.124753830539439,0.11546601170741523,0.9689384053408173,0.9799477390163183,0.9489262291472619,0.9899509846086691,0.9882589914664027,0.9342574963722633,0.9964285136010362,0.9891099056107509,0.991905352715081,0.9831712806403485,0.5746063432945869,0.7843725352647054,4.9614599257978536e-05,0.939826845195904
61,0.007365740099101487,0.0005447448222593937,0.057472910307386375,0.08499387594740934,0.15037726969916587,0.009684675999873658,0.7198128612300893,0.1248272803703738,0.11546103856067892,0.9697858332969982,0.9492367203575318,0.9781553398058253,0.9903712221758014,0.9804034390852309,0.9262954753781099,0.9951290839090383,0.9851160638965707,0.9889887522670795,0.9835838092385706,0.5812696678041606,0.7877823270238196,4.9601463141395496e-05,0.932703050057879
62,0.007364564392850809,0.0005495584933714545,0.05742608908312926,0.08498194992754589,0.15032216149908273,0.008662818633212943,0.7191326781752198,0.12476378192864551,0.11546540047992697,0.9680246596509311,0.9823185803390965,0.9439224468243643,0.9899948984784598,0.98015975513283,0.9429215999955108,0.9962657869170984,0.9886102897311928,0.9915359984828248,0.9835142342462712,0.5746082652211265,0.7843725353067932,4.958810889229398e-05,0.9476289298438058
63,0.007308298658212852,0.000521847322158554,0.057441148617415845,0.08498151558378972,0.15025281087722187,0.008356196614744751,0.718730027984461,0.12475070496297254,0.11546453224601215,0.9673014453038032,0.9706559323450077,0.9634499883244584,0.9908369077339296,0.9806594144111924,0.9500309703222583,0.996289287384859,0.9886892022206768,0.9915916973191166,0.9840903899737496,0.5760515873162937,0.7851097971244464,4.9574536642475015e-05,0.9541115640634255
64,0.007185987499711427,0.0005246520866615785,0.057413049138734996,0.08495334437879411,0.15007703214729387,0.009308631114391466,0.7197514177233445,0.12475396580801108,0.11546479344097753,0.9692787809075469,0.9824470036040506,0.9514563106796117,0.9909700147996143,0.9890920808476893,0.9369444937723685,0.996247706174439,0.9885634999163366,0.991498088398096,0.9837129231306067,0.5745516023566363,0.7843429322044116,4.956074652589125e-05,0.9423470458750932
65,0.007211824485675041,0.0005371175710246973,0.057427024922377085,0.08495264635976268,0.1501286119377057,0.009113363212872046,0.7195948431775979,0.1247534237300176,0.11546074362577861,0.9689223420434665,0.9728912101578235,0.9587378640776699,0.9905522564522093,0.9890135280242355,0.9383625926561345,0.9963354562464019,0.9888291706990253,0.9916959050247556,0.9838667701513951,0.5808053595784919,0.7875440327524101,4.954673867864556e-05,0.943581559035742
66,0.007248587237738569,0.0005384845143772774,0.057417110631657386,0.08496013538998798,0.15016431697292032,0.008603127351696627,0.7188274545620142,0.12475526247926326,0.115466179635009,0.9676519968966746,0.9750740857714993,0.9538834951456311,0.9899957543227882,0.9793437601265066,0.9461807411579013,0.9963969847438113,0.9890150307577571,0.991834561014855,0.9838005342286851,0.5721628849789486,0.7831197274254116,4.953251323898973e-05,0.95056224247439
67,0.0072376457150118345,0.0005173358164843499,0.05737096578886472,0.08491372743167871,0.15003967470455665,0.00895642599293605,0.7188265698684931,0.1247593045929553,0.11546235546045044,0.9680046334167837,0.9753533627081532,0.9611650485436893,0.9908643826879007,0.9806491356398038,0.937291045765696,0.9961524224597007,0.9882848758318946,0.991287176466277,0.9835997390259255,0.5771948893629955,0.7856971200439368,4.951807034732312e-05,0.9426483794579165
68,0.0070719000558161355,0.0005128519725382634,0.05736673028821154,0.08494073858996129,0.1498922206113993,0.009006878588483744,0.718782098404484,0.12475280417370672,0.11546357010775897,0.9680053344662325,0.982392093100032,0.947935181124704,0.9903059968383481,0.9784228475827376,0.9388101815205626,0.9963583270365574,0.9888982368520237,0.9917474172018027,0.9836439674852065,0.5764166364201199,0.7852980612376623,4.9503410146191244e-05,0.9439597630523411
69,0.007061860061062433,0.000517272982997289,0.057377014849624486,0.0849355781750049,0.14989172655683725,0.007879031451872595,0.7178952117287434,0.12474576804613202,0.11546576693847081,0.9659857471989844,0.9752471097064009,0.9562942780384832,0.9900244661701335,0.9788022412514459,0.9521784515118725,0.9964138511082328,0.9890620203989928,0.9918709184899386,0.9842607190830546,0.5722219230136101,0.7831489331660199,4.948853278028436e-05,0.9559630529776986
70,0.007143753692893786,0.0004949513776469105,0.05736497285838572,0.08496146825253191,0.14996514604499303,0.008806482096410167,0.7183951169345045,0.12474530336924786,0.11546427979486285,0.9674111654103729,0.9704404865763333,0.9562154546412792,0.9898139856815614,0.9791613989344355,0.9368131216941894,0.996399368523316,0.9890193124365897,0.9918387296191755,0.983934697190508,0.575089573781052,0.7846176126421857,4.9473438396436055e-05,0.9421132080929266
71,0.007043414430914769,0.000518244947137919,0.05739506839779374,0.08497109529055616,0.1499278230370635,0.008586871716642628,0.7184337323440789,0.12475953239542215,0.11546238274385892,0.9672424960012881,0.9752309402797972,0.9587378640776699,0.9903277943502993,0.9886139075971943,0.9451001618877244,0.9962038536269431,0.9884252631549627,0.9913971531769338,0.9839103758156654,0.577280493001097,0.7857395928998557,4.9458127143621816e-05,0.9496229251339819
72,0.007006872663843816,0.0004910736251139887,0.05734508471090559,0.08493747547693511,0.14978050614268051,0.009073869422309758,0.7182058735585582,0.12474928692060432,0.115462765001108,0.9674917684935536,0.9775244345078423,0.9538834951456311,0.9904017937450318,0.9888397458266971,0.9356491278021419,0.9963602160693725,0.9889009652928421,0.9917505377639947,0.9841698663926483,0.5768692848082819,0.785528443195682,4.9442599172957525e-05,0.9411243943964309
73,0.007100841220796419,0.0005045210388657963,0.057329049671715406,0.08493037706656005,0.1498647892722194,0.00849268571082792,0.7179825078143975,0.1247434319609805,0.11545998447724266,0.9666785888103624,0.9824891262951664,0.9532817464315393,0.990577794850765,0.9887025857494536,0.9486959018775073,0.9964113323978127,0.9890658329835906,0.9918698024758721,0.9836279735476668,0.5802667444536973,0.7872693804877021,4.942685463769799e-05,0.9528840911748331
74,0.006998149094803962,0.0005108901586171257,0.057348323435826624,0.08491304630674229,0.14977040886878967,0.008882811433910707,0.7178040875054394,0.12474067667450929,0.11546425044613799,0.9668917958600534,0.9776890572786826,0.9587378640776699,0.990759720175133,0.9888916565263178,0.9397034181417266,0.9964080715673574,0.9890503977944276,0.9918602738550055,0.9841294602943309,0.5739704692542977,0.7840442972867671,4.94108936932354e-05,0.9448090483450673
75,0.007039188551161574,0.0004918267772837006,0.05734350348924108,0.08494017108637897,0.14981468747625698,0.00937016464885652,0.7189855597303323,0.12474095883147086,0.1154619196690426,0.9685585804553847,0.9732988108053383,0.9733009708737864,0.9913697772081024,0.980500664126502,0.9295623166331938,0.9963881242803685,0.9889862599072944,0.9918137304703925,0.9840814345285226,0.5777271351631094,0.7859679092926418,4.9394716497097853e-05,0.9357430626906846
76,0.006936016555277177,0.0004981614545064888,0.05731902862151052,0.08492530674379262,0.14967851502907709,0.00909708958833329,0.7181382664497653,0.12475145696976024,0.1154628947396507,0.9674496835995214,0.9683677919335923,0.9659553059614719,0.9910745618703017,0.9806481182065121,0.9328095708381685,0.9961279999640182,0.988214503325661,0.9912335440920224,0.984318401734896,0.5752236758993913,0.7846855622794376,4.9378323208947725e-05,0.9386360699413819
77,0.007006115746621643,0.0005040093698572617,0.05731812754520481,0.0849299208101831,0.1497581737801201,0.008082373624020908,0.7182755184667716,0.12474034745921743,0.11546292711879305,0.966561152218537,0.9732349234525626,0.9708333960704583,0.9915369444085962,0.9808737284252106,0.9504262881078382,0.9963248416810592,0.9888014111945875,0.9916737034539264,0.9841216068271024,0.5755507578049424,0.7848533334882217,4.9361713990580164e-05,0.954537353737914
78,0.006862330909220051,0.0005005067422831614,0.057322744531026155,0.08496592290834597,0.1496515043967746,0.007405712335838555,0.7177949958761739,0.12473774172481478,0.11546317491815498,0.9654016192095267,0.9707981692407339,0.9682846882597232,0.9913621864722578,0.9892318924514364,0.9618865081508641,0.9963528398459989,0.9888829855869129,0.9917356883267059,0.9844676115538896,0.5747349359174978,0.784435081890596,4.934488900592145e-05,0.9648340759830034
79,0.006989117363573972,0.0004923825411830542,0.057352757033134374,0.08493483955416964,0.14976909648569137,0.009623392808004982,0.7181854362685447,0.12477697833523231,0.11546344698980991,0.9680492340591905,0.980098255436663,0.9563106796116505,0.9909079245327449,0.9800711921637051,0.930045766753163,0.995381157347438,0.9858660243924637,0.9895492801211675,0.9844192098023291,0.5742549767992744,0.7841890576020281,4.9327848421027386e-05,0.9361319825311212
80,0.006948982242475517,0.000488572442431215,0.05730447105561513,0.08494705104129148,0.14968907524267008,0.008324879111403628,0.7173417074569147,0.12473106496229074,0.11546230326778222,0.9658599304411696,0.9705740778817126,0.9684466019417476,0.9913047004833102,0.9804593706399336,0.9478876083260281,0.9964052380181345,0.9890396687007308,0.9918528397922367,0.9844571850300889,0.5764386467335353,0.7853070314877493,4.9310592404081655e-05,0.9522293175417564
81,0.006912640524651721,0.0004725454527633796,0.05729523592585109,0.08491873713644521,0.14959915839328666,0.008225460071020176,0.7173911823015757,0.12473500021998746,0.11546365520072416,0.9658152825474121,0.9685157001343365,0.9706417983678429,0.9908754422081224,0.9886363638775646,0.9471915408242916,0.9963107414004031,0.9887582131553917,0.9916416211831601,0.9844122980551061,0.5741255516972319,0.7841233518540799,4.9293121125394203e-05,0.9515599309626747
82,0.0067832529946312385,0.0004824133804116223,0.05729495778371015,0.08491371295516201,0.1494743357668269,0.008148752593005877,0.7173197181978374,0.12473628824393367,0.11546257743370657,0.9656673147888382,0.9732324155675893,0.9707401472406166,0.9912472587776433,0.9894700210629458,0.9531924617037812,0.9963774647380541,0.9889545955265625,0.9917898720903746,0.984603010170341,0.5751406787857826,0.7846422107476846,4.927543475739947e-05,0.9569979414111675
83,0.006732981208074897,0.0004753279535418348,0.05731122074117932,0.0848878245279579,0.14940735450680392,0.007881380934171725,0.716957650456404,0.12474198519720314,0.11546565667566858,0.965046643901983,0.977520267409376,0.9587378640776699,0.9903644345954735,0.9883824783536742,0.9543252415367682,0.9961915524251582,0.9883746014204187,0.991366865156792,0.9847014905219972,0.5702408772194799,0.7821326354515051,4.925753347465479e-05,0.9579291608426388
84,0.006886741043372479,0.00048781848729737666,0.05728059175178177,0.08493349518279492,0.14958864635754127,0.00794626485498458,0.7171703354435264,0.1247617402379377,0.11546283995086047,0.9653411609521184,0.9734158503081966,0.9776233268746817,0.9915770107988604,0.9802644176559344,0.9550992494200706,0.9957196090601612,0.9869287576195097,0.9903054193639202,0.9846113356347543,0.5747572019858423,0.7844462659029781,4.923941745383858e-05,0.9587470255579497
85,0.006658787390728688,0.00047909708452348256,0.05727159148902473,0.08494917049502153,0.14935864523593625,0.00882813785977932,0.7179484957363939,0.12472940722740994,0.1154637310769737,0.9669697479262871,0.970932278107725,0.9728868757479887,0.9914146751554613,0.9803002400190509,0.9413795790732571,0.9963687616940126,0.9889383252308025,0.9917743261700648,0.9844607564793747,0.5734134393829262,0.7837582690803019,4.922108687374866e-05,0.9463830886814775
86,0.006777911170776645,0.0004779675789177418,0.057274877619712464,0.08492838987511211,0.14945914507529895,0.008351475451276711,0.7170941830175528,0.1247234789973096,0.11545987643417299,0.9656289890022476,0.9708710895109903,0.9707814176931671,0.9915049821093239,0.9805442954777639,0.945788957982527,0.9966017199194013,0.989636894604613,0.9922969631135778,0.9844322112759625,0.5788194486399679,0.7865261401872555,4.920254191530046e-05,0.9503605603952067
87,0.006688432659509888,0.00046072119258228387,0.057259031199883924,0.08493950524381869,0.14934768855880579,0.0076226644936003216,0.7169956650017458,0.12472434581252577,0.11546258845516129,0.9648052475613016,0.966345185043019,0.9756991584304449,0.9912851692696796,0.9802965261556791,0.958142142382661,0.9964896597941855,0.9893033352490233,0.9920464957226943,0.9847939449416757,0.5743233667883715,0.7842233011360494,4.918378276152522e-05,0.961456445071363
88,0.006761769661631608,0.00047770310753058893,0.057257834628919244,0.08492526819765413,0.149422576544816,0.008260777799576678,0.7172856428709672,0.12474803553189638,0.11546080720663997,0.9657552504786555,0.9754662659788036,0.9757281553398058,0.9915377707851021,0.9808701521768208,0.9451467511410762,0.9959165407311458,0.9875307444795915,0.9907481707789645,0.9849586786953837,0.5766026575308734,0.7853899524440342,4.916480959756823e-05,0.9497858531054788
89,0.006714972986458495,0.0004712474481275045,0.05724046311770696,0.08489907042176457,0.14932575242815857,0.007444040234842448,0.7167912671973669,0.12473656580701394,0.11546117907940107,0.9644330384817765,0.9732346213870506,0.9708221645922117,0.9910658541287029,0.9804887906657895,0.960618799441967,0.9961124154432928,0.9881255003995233,0.991186323040321,0.9847099078800927,0.5765044076625447,0.7853400020414518,4.914562261068693e-05,0.9636635049106407
90,0.0066363480918765665,0.0004577707810028229,0.0572405487800818,0.0848909201476858,0.1492255878263187,0.007804430086995653,0.7169783553681843,0.12473036422167418,0.11546441344206507,0.9649775503830589,0.968421206710361,0.9733009708737864,0.9910295241470347,0.9805135639259326,0.9529787083552469,0.996394286125504,0.9890025674446665,0.9918269256246386,0.985350027836181,0.571411839722127,0.7827308282402057,4.912622199024917e-05,0.9567837899344257
91,0.006569266066032369,0.0004637698205718722,0.057241309009531,0.0849236421422174,0.14919798624330233,0.007698367911299278,0.7174116176150624,0.12474803634258132,0.11546384559587185,0.9653218719008055,0.9732986582976862,0.9732145646213155,0.9911376126626342,0.9806042539541082,0.9552240764891943,0.9958084385794471,0.9871939112178154,0.9905047019813156,0.985011988488402,0.5722251279107528,0.7831482004595378,4.910660792773122e-05,0.9588154301065384
92,0.006570585119909573,0.0004536806303679633,0.05725530228080527,0.0849251470195583,0.14920471415618541,0.007864826173362337,0.7171463728198118,0.12473452766787821,0.11546561805232201,0.965211334623821,0.9753683824156769,0.970873786407767,0.9909625487023261,0.9798711257750525,0.9532447419781127,0.99621219685521,0.9884399526069053,0.9914129725227085,0.9851939063791826,0.570196177989434,0.7821077991266513,4.9086780616715965e-05,0.9570165226505342
93,0.0067103769618612535,0.00047096102561203327,0.05724145921786832,0.08488323048259001,0.14930602753718283,0.008012035452022455,0.7167367391635717,0.12474807197411443,0.11546065455659683,0.9649574833830403,0.9685940539946151,0.9731419977795528,0.9909368396072997,0.9796654351769106,0.9506536240991782,0.9958264743451353,0.9872467058369312,0.9905439452903656,0.9852796916982144,0.5762097205478157,0.7851883331974017,4.9066740252890955e-05,0.9546819456499904
94,0.006597902527744904,0.0004621645599758068,0.05724884828292026,0.08490960407094943,0.1492185189625142,0.008839559385195917,0.7164448405053332,0.12476129026919448,0.1154636833141196,0.9655093646420099,0.9687498117215635,0.9805825242718447,0.9917596867898677,0.9806044909939649,0.9433366688155728,0.9954995142487045,0.9862504368657538,0.9898138819675544,0.9855281028817734,0.5715596176114339,0.7828058506429549,4.90464870340465e-05,0.9481789706130023
95,0.006733031680546892,0.0004795886236460096,0.057241831939918386,0.08492080121749887,0.14937525308193939,0.008147192205172129,0.7164492117926248,0.12474107680543099,0.11546013550591593,0.9647976150784467,0.9664088165057848,0.9830097087378641,0.9917809719777209,0.9900641355758124,0.9486691992049888,0.9958957838586644,0.9874665319193907,0.9907003703110357,0.9851825112572254,0.5772051280446509,0.7856980223698744,4.902602116007369e-05,0.952980376482262
96,0.00640777065037446,0.00044646103417626305,0.05723689718490438,0.08493549898363302,0.14902662752205845,0.007902160228225236,0.7168268731468084,0.12472493884785806,0.11546016109074644,0.9649140902751469,0.9755898605939444,0.9733009708737864,0.9916414555755011,0.9894827602428498,0.9534854004776193,0.9963270230641913,0.9888066274228768,0.9916779000628139,0.9851742553843683,0.5763449010905226,0.7852574570834125,4.900534283296243e-05,0.9573010059874075
97,0.006480954422234253,0.0004455181236325768,0.057238105337082415,0.08491083891299876,0.14907541708933875,0.007697600305389243,0.7165295971489939,0.12472515773279061,0.1154627072012023,0.964415032320072,0.9803751488979443,0.9700169069772595,0.9912677271552179,0.9887717648996445,0.9556075006476672,0.9963740689766843,0.9889527728429417,0.9917855149492341,0.9853517276190411,0.5732367614551679,0.7836651648840092,4.898445225679947e-05,0.9591735232984223
98,0.006565859620435252,0.00046766848452968316,0.05723287203768992,0.08492445053986317,0.14919085005404417,0.008667513008562396,0.7158807665572885,0.12475544283735937,0.11545961342481752,0.9647633118332977,0.9756070567342389,0.9707639183894459,0.9912558252516438,0.990301262206343,0.9441528785988822,0.9956675707037997,0.9867587832595736,0.990191377635445,0.9850642896257372,0.5776894978609594,0.7859459982475456,4.8963349637766356e-05,0.9488631732641584
99,0.006502673601239458,0.0004749463307502356,0.05720931220162718,0.08489810859234376,0.1490850410004354,0.0070410407577771615,0.715274315473329,0.12472480659040144,0.11546174068139008,0.9625018680651571,0.9685189609850344,0.9707453930861673,0.9896579576661813,0.98838948023448,0.9628334994726103,0.9963196018638457,0.9887881890433755,0.9916628840038761,0.9852435489303252,0.5738878389142208,0.7839994550857657,4.894203518413743e-05,0.9655159452919674
100,0.006469944446815728,0.00044266655191856346,0.05720051603845364,0.08490825932801079,0.14902138617372265,0.006973586369672587,0.715586724157778,0.12471662067996406,0.1154619610043233,0.9627388687949107,0.9733646150643975,0.9756905209394567,0.9905885805313981,0.9888189284861256,0.9627802635666416,0.9964553198762234,0.9891996355009357,0.9919691316772459,0.9854980627016019,0.5735449944559385,0.7838225287634123,4.892050910627773e-05,0.9655610952631173
101,0.006438098577637743,0.00045709820029957935,0.05723268714361858,0.08488750489129458,0.14901538818611382,0.007405533948092881,0.7154840127421165,0.12474642203725064,0.11545997046397449,0.9630959166763978,0.9779803881746589,0.970873786407767,0.9907381625247065,0.9879990306881672,0.9610084599572218,0.9957399161629243,0.98699723910194,0.9903542442337582,0.9851593049969714,0.5767833592582046,0.7854819989749856,4.889877161664096e-05,0.9639814302139703
102,0.0064452580188840165,0.0004431916007028961,0.0572010028933614,0.08489905181944062,0.14898850425228555,0.008804707771138206,0.7158926442991267,0.1247126399080988,0.11545965932502648,0.9648696144010119,0.9755759982082265,0.970873786407767,0.9912347301567696,0.9887560939511462,0.9433256346832746,0.9965067510434655,0.9893539124712958,0.9920845257145594,0.985443884676022,0.5778822961929199,0.7860433282130215,4.8876822929767364e-05,0.9481165442306241
103,0.006425193841593254,0.000435229172553732,0.05722494629921073,0.08487652023105732,0.1489618894658558,0.007226875532476395,0.7156669023741095,0.12471399066361738,0.11546152363014962,0.9630692746355126,0.9685928947681341,0.9731049912705586,0.9906955525161697,0.9878132549751628,0.9625915861948245,0.9965168933506044,0.9893834574785924,0.9921069514474973,0.9853898857321308,0.5740804736728807,0.7840972726734701,4.885466326228163e-05,0.9654019828269591
104,0.006408353969840808,0.00043428961940379966,0.05727392977460678,0.08493079400471763,0.14904736584641154,0.007477972834839106,0.7153497112847362,0.12470095419358714,0.11546036242048975,0.9629889819288501,0.9781020636526403,0.975722423437542,0.9910555513822161,0.9898587210472006,0.961282097305638,0.9966978581966033,0.989927240577972,0.9925134198320532,0.9857871505975324,0.5760568815904213,0.7851079442706368,4.883229283289072e-05,0.9642594427132958
105,0.0063550916576632565,0.0004104362314306394,0.057184985534823624,0.08490367194666609,0.14885418495365993,0.007117195734705948,0.7152896924587113,0.12473017035216248,0.11545877931687808,0.962595804058826,0.973271211801804,0.9757281553398058,0.9911062569181504,0.9899514666256827,0.9646833478346547,0.9960028740284976,0.9877963475655702,0.9909424650756159,0.9853867072237631,0.5789539369685495,0.7865922626239514,4.8809711862381745e-05,0.9673256387430043
106,0.0063994606727145525,0.00041762034529385785,0.05716710794388939,0.0848799646479787,0.1488641540621229,0.007393490946972308,0.7156645973482281,0.12471104868798676,0.11545950363491483,0.9632286200869269,0.9780473466823748,0.9732361286859293,0.9912710432158515,0.9800095115829319,0.9606537075361858,0.9964652148100174,0.9892282115322414,0.9919908396185219,0.9854908361374798,0.577557962360446,0.7858773754417905,4.878692057361977e-05,0.9637154411041524
107,0.00646375776572549,0.00044798251820506234,0.05717934951803845,0.08486002016272107,0.14895111013570597,0.007186946862719834,0.7151783448056238,0.12473177076003712,0.1154632355168539,0.9625602799993722,0.9756864661822552,0.9757281553398058,0.9913986788225269,0.9903615043492324,0.964324953752185,0.9960608943221072,0.9879708684797501,0.9910738742105096,0.9856611306121483,0.5712626295678426,0.7826530736898987,4.876391919154561e-05,0.9670323262592192
108,0.006408053868175169,0.00043710998013383974,0.057205932687755694,0.08489207461128889,0.14894317005582425,0.007797121757670388,0.7152421372171512,0.12471840105989436,0.11546206888332577,0.9632197155235963,0.9803044532516573,0.9733009708737864,0.9909461190965027,0.9887766990349032,0.9560944859034007,0.9963490842688546,0.9888754187753839,0.9917287080611238,0.9855993373662114,0.5727644733242427,0.7834226757153161,4.8740707943173624e-05,0.959579649222711
109,0.006319992804774347,0.0004324569446975702,0.057190401161118495,0.08488558189354721,0.14882843296762574,0.007488464228229821,0.7154738664380008,0.12471519375866559,0.11546034040653334,0.9631378490072457,0.97324587248844,0.9757281553398058,0.9909333216718886,0.989648411942483,0.9612687319536025,0.9964404774755325,0.9891543277665286,0.9919354497041004,0.9858277121014876,0.5753367934755808,0.7847389579664849,4.871728705758946e-05,0.9642351909254311
110,0.006363992650891829,0.00043260708721499385,0.05717075695259583,0.08487607445567846,0.1488434317198442,0.007203163689899939,0.7160204971392536,0.12473550276743933,0.11546069611385079,0.9634198558762901,0.9662033522945772,0.9805825242718447,0.9913466615247444,0.9904140962785125,0.9609824974584237,0.9960174015903858,0.9878369198688479,0.9909760149322799,0.9854741510542544,0.5746884507295209,0.7844081860347093,4.869365676594779e-05,0.9640189138650558
111,0.006313667053385719,0.0004149574145597496,0.05716325863809783,0.08487750546900565,0.14876938854474478,0.0073933351039886476,0.7151312283530755,0.1247259421283717,0.11546121145854342,0.9627116961800373,0.9804392120499144,0.9732561265756362,0.991956615231318,0.9909918016906614,0.9571359056666828,0.9960441404001151,0.987923319493664,0.9910378011255623,0.985492741557459,0.574449680197414,0.7842857498128964,4.866981730147008e-05,0.9606179766231464
112,0.006383013499833145,0.00043221565629379736,0.057151464986677614,0.08491521386593735,0.14888190790779232,0.008088630610797072,0.7149466697416156,0.12471080019375202,0.11545969755268158,0.963205774213366,0.978039599484338,0.9733009708737864,0.9908430215938658,0.9893045028428602,0.9550493141942857,0.9964362046632124,0.9891302644537135,0.9919220337046497,0.9854719090886649,0.576485474023235,0.785328334539746,4.8645768899442196e-05,0.9586286849342438
113,0.006330889469601331,0.0004315701619253877,0.05717356033970655,0.08486811942638048,0.14880413774381648,0.006940391613411781,0.7149562910801389,0.1247079038867061,0.11545961086729957,0.96206417262863,0.9709920413482814,0.9757281553398058,0.9907101248147784,0.9893028599731422,0.9627685457089574,0.9965432273675877,0.9894627359706107,0.9921661635848437,0.9854176341948346,0.5763977236200464,0.7852832992286894,4.862151179721217e-05,0.9655627036195396
114,0.006238216958515381,0.00042880944386510656,0.057167396354706176,0.08488904541464513,0.14872346779843068,0.007215192185164732,0.7153982069578816,0.1247117722049896,0.11545931539194262,0.9627844793191228,0.968507846345891,0.970873786407767,0.9906529920169324,0.9892864137349869,0.9597454831530767,0.9964260173791019,0.9891056277889438,0.9919009850365001,0.9855914938829341,0.576510780951887,0.7853407773166106,4.8597046234187806e-05,0.9628362340394624
115,0.006281258970344624,0.00042415668676399807,0.0571544981836655,0.08488170860981849,0.14874162142758543,0.0077512297204121415,0.7147548968063115,0.1247120198113313,0.11546014377683246,0.9626782561213242,0.9732908416412405,0.9757281553398058,0.9914495616476551,0.9795344023863388,0.9564253563595052,0.996433708441278,0.9891347722491667,0.9919207031184832,0.9856101661141875,0.5759051852526573,0.7850307630543489,4.8572372451834336e-05,0.9599277768883202
116,0.006316174305782414,0.0004094314947724345,0.05713423123399829,0.08489882057156278,0.14875865739244254,0.007439938116567742,0.7152780538766494,0.12470617623990064,0.1154599924007228,0.9628841503296491,0.9710096857113375,0.9755619098494954,0.9911740428934648,0.9896003096559564,0.9591787086598217,0.9965014662492805,0.9893350649178163,0.992071666302055,0.9856805253905782,0.5758361682818112,0.7849953335251002,4.854749069367202e-05,0.962378242083186
117,0.00634385092579639,0.00042615440070937945,0.057143989197639605,0.08486343211364097,0.14877742575240258,0.007000060306929554,0.7151976155493548,0.12471013346329872,0.11546022279931165,0.962368018886586,0.9731032804362164,0.9733009708737864,0.9910614278650298,0.9898960664663912,0.963435743416516,0.9964666315846287,0.9892282031136707,0.991992492495836,0.9863382835409906,0.574407606059521,0.7842618400332843,4.852240120527378e-05,0.9661983118613674
118,0.006274987786545038,0.00042588572399063446,0.05715070116705227,0.08487294192083296,0.1487245162842805,0.00799613186732475,0.7154750234969541,0.12471364133561831,0.11546098592406419,0.9636457652007978,0.9734240354500127,0.9779321335644459,0.9913291908589305,0.9895720543361689,0.9487811375025383,0.9963585519214163,0.988901050315735,0.9917490960117036,0.9858118209161678,0.5734116031968728,0.7837535222500082,4.849710423426272e-05,0.9530359428381776
119,0.006151955220365772,0.00040999120825158504,0.05713972719530985,0.08491981056533329,0.1486214850233009,0.007622362353641137,0.715235501620436,0.12470605849756478,0.1154617431423979,0.9630256458885311,0.9710835913678582,0.9781294160420126,0.9916296787555245,0.9895048205928365,0.9580181012559026,0.996477695919689,0.9892666699793513,0.9920193024129674,0.9859567872207224,0.5720258234172578,0.7830432875434605,4.8471600030309744e-05,0.9613792590058649
120,0.006163129099292458,0.00041421452855662375,0.05714771361934706,0.08488499683477564,0.14861005282154974,0.006696634372898951,0.7145598788088466,0.12470679761060162,0.11546273357741574,0.961426022139238,0.9756854194693569,0.9757281553398058,0.9914210192230547,0.9902994024642163,0.9662175891094084,0.9964783255972941,0.9892664707035367,0.9920198140306867,0.986247776946372,0.5703610440112591,0.7821897429032083,4.844588884513106e-05,0.968737932120773
121,0.006160397356655931,0.00042106203204069116,0.05713624406818281,0.08488163169608524,0.14859933602995207,0.007220715367732272,0.714565594925164,0.12475398144264913,0.1154604551956598,0.9620007162267062,0.9754846305973679,0.9657951015719708,0.9907387973051724,0.9891704408344336,0.9641223967132933,0.9955400834772596,0.9863620726503199,0.9899081324627503,0.9862371051495389,0.5739491525575924,0.7840273102495054,4.841997093248566e-05,0.9667840367724813
122,0.0061513014407973245,0.0004226871502677393,0.057138823493929104,0.08485642030661433,0.1485692313606875,0.0066996375452051515,0.714884408347965,0.12470321125625947,0.11545782531442729,0.9617450499781672,0.9778298872906259,0.9634758271838268,0.9909092102609214,0.9889376601729892,0.9676780724829819,0.9965536170480711,0.9894912282088008,0.9921883756740402,0.9860452337266954,0.578035416277931,0.7861205525395584,4.839384654817289e-05,0.9700011862607759
123,0.006249608483956885,0.0004140969497088943,0.057168791833010366,0.08488122818248414,0.1487137253729173,0.007314427331321596,0.7148698970814442,0.12470004861991023,0.11545803512740938,0.9623423697417264,0.9779933042798679,0.9707925220577441,0.9916504107505065,0.9899075406709449,0.9653352330110317,0.9965680771445019,0.9895365698011059,0.9922215773514096,0.9856770530121619,0.5778519483434624,0.7860274646747744,4.836751595002988e-05,0.9679667507849792
124,0.006108936352433317,0.00039427212579417107,0.05712064417378272,0.08485009167053847,0.1484739443798757,0.0073454306224467235,0.7150440706243169,0.12470747017026565,0.11545729740411816,0.9625542568419264,0.9779545311773443,0.9733009708737864,0.9915265493820304,0.9900856281808911,0.9592657055569477,0.9964263996833623,0.9891071001788521,0.9919018564790918,0.98598571179165,0.5785428641064625,0.7863803079181614,4.8340979397929e-05,0.9624917899394559
125,0.006209497643258287,0.00041433770769309496,0.057145689339063326,0.0848740500547571,0.14864357479804538,0.007662907576313908,0.7150271013487189,0.12469965763814708,0.1154611102097856,0.9628507436248305,0.9710802782729917,0.9780142819746557,0.9916178772136278,0.980719022327523,0.957740699446467,0.9966053405656305,0.9896475545866141,0.9923049066793903,0.9863480926343287,0.5727383044827936,0.7834070464118872,4.83142371537753e-05,0.9611284172231831
126,0.006058264998574332,0.00038713928765660724,0.057150476240586744,0.08486380553056384,0.14845968620764777,0.008005355686103744,0.7154626421360156,0.12472904512147212,0.11545922921806419,0.9636562611772607,0.9689665250075704,0.9852007324264167,0.9921048360852402,0.9901479894455885,0.9524247290882064,0.9959389392630972,0.9875989079411305,0.9907987325076587,0.9858478666831847,0.5753183650384028,0.7847299324874654,4.8287289481503954e-05,0.9563927397879098
127,0.00610415993268008,0.00038603360595789604,0.05717658346103881,0.0848778534796417,0.14854463031563733,0.007469470445356223,0.7154640102880606,0.12470262192691546,0.11545954705481393,0.9630956303888034,0.9781019750290038,0.975718395937813,0.9919091006541295,0.9809609317796,0.958178099661412,0.9965033777705815,0.989344218305834,0.9920770651575115,0.9862321297558184,0.5750452858720753,0.7845887165613648,4.826013664707759e-05,0.9615511997606837
128,0.006121934389820991,0.0004018402408441732,0.057231249471093704,0.08487222933842574,0.14862725300801233,0.006795512737387821,0.7152346540856239,0.12470088235146023,0.1154632500705787,0.9621942901858394,0.9685962567376213,0.9732123169365133,0.9906596724491132,0.9893030462169959,0.9647966457356094,0.996586315306563,0.9895903781873241,0.9922621856003024,0.985882973262887,0.5695502426010378,0.7817757212023976,4.823277891848372e-05,0.9673829484069598
129,0.006107193667036263,0.00039606976559279503,0.057226018468641865,0.0848770966280464,0.14860637987833566,0.0075713852217778035,0.7149944503072629,0.12474211845836491,0.11545778903627643,0.9627657211506305,0.9778342960089916,0.9733009708737864,0.9916094909478094,0.9904745698701978,0.9606927990647998,0.995657608304548,0.9867668256450458,0.9901723609407364,0.9861420540641399,0.5775381175423941,0.7858655186068585,4.820521656573209e-05,0.9637844682531007
130,0.0061668140993217145,0.00039940597248200934,0.05711262084427893,0.08485565928095672,0.1485344999194763,0.007051906993352071,0.7149236692912838,0.12470561574777791,0.11546021975924314,0.9621414035713117,0.9757260630900929,0.9756421638766026,0.991849287174254,0.9907674830347838,0.9653588234247363,0.9964120070523892,0.9890652001296807,0.9918702988439355,0.9860019169384351,0.5747129525371008,0.7844190485465768,4.817744986085198e-05,0.9680078697996881
131,0.006029827180921723,0.00040363405247271974,0.0571155264548996,0.08485285731254465,0.14840184376029772,0.008320226928730703,0.7150174428514866,0.12470575008985292,0.1154595147818327,0.9635029191180214,0.9756518652208916,0.9733009708737864,0.9914402155946337,0.9899742758254676,0.9482573783706997,0.9964079141479563,0.9890411689888088,0.9918572238163528,0.9861258977285314,0.5755413163410962,0.7848431915911113,4.814947907788958e-05,0.9525756620930931
132,0.006025202354618922,0.00037782653027402304,0.057134145417207266,0.08481696293896808,0.14835413672763448,0.008381188224634361,0.7147694590672312,0.12470349931963985,0.11546085110908963,0.9633149841288828,0.9757241507768594,0.9755635678027071,0.9919152996388406,0.989380715056152,0.9476384178463139,0.9965166909542313,0.989381612885926,0.992105979727832,0.9860413986278673,0.57362221353072,0.7838605082231103,4.81213044929052e-05,0.9520661060255665
133,0.006052916028339011,0.00038266165133739387,0.057111541803327864,0.08488539238146704,0.1484325112765317,0.007347321084126288,0.7146382836850813,0.12470112663785411,0.11546170332232597,0.9621484149922979,0.9708024646509729,0.9684310918963253,0.9907897331240072,0.9891094038750264,0.9601657176008842,0.9964498326856649,0.9891825726847892,0.9919565190797559,0.9861669647832296,0.5715435911261059,0.7827959315500821,4.8092926383970646e-05,0.9632281191531966
134,0.0060910563981594855,0.00038575519156193493,0.05711335951336925,0.08485426343108861,0.14844443405848093,0.006685892528820532,0.7143405317395464,0.12476289144915002,0.11545663615543916,0.9612459277859624,0.9687385505288091,0.9777862888897693,0.9914365630246073,0.9893003092620762,0.9686052411897407,0.9952450345423143,0.9854559283903321,0.9892493213821526,0.9860099842252604,0.5796110862620681,0.786927088643755,4.806434503116638e-05,0.9708883733732273
135,0.0059786987551753365,0.0003880481081266787,0.05711522370268026,0.08485387173515065,0.14833584219371718,0.007019401303844748,0.7145315302715401,0.12469243208052581,0.11545875173428824,0.961702090470902,0.9779671933813896,0.9733009708737864,0.9916116847084904,0.9895507064416831,0.9626915921331621,0.9966372292386299,0.9897507806207726,0.9923795001622323,0.9860599284402494,0.5762883034096667,0.7852256175694166,4.8035560716578816e-05,0.9655836013906949
136,0.006055986624925252,0.00038741219952856946,0.05708576433862429,0.08487956860426021,0.14840873103067664,0.007443026946616296,0.7145606571652112,0.12469625511626506,0.115460872235153,0.9621607979344581,0.9756091567593296,0.9708493924689269,0.9908948265691987,0.9880998515901562,0.9575365188071258,0.9964964513169258,0.9893226770835782,0.9920611829153276,0.9860177985383884,0.573952552459712,0.7840299149549556,4.800657372429752e-05,0.960872349583333
137,0.006125947792913014,0.0003969371729950213,0.05710550200753879,0.0848577804139627,0.14848616781012383,0.007123213326992766,0.714648461218325,0.12469675700744817,0.11545762510420127,0.9619260430335999,0.9710129471095801,0.9756747011913903,0.9907639913374402,0.979579263530539,0.9605456031182065,0.9965716753022451,0.9895496793459301,0.9922305957124495,0.9859328183200579,0.5773989120370387,0.7857949811727917,4.7977384340412406e-05,0.9635674419401299
138,0.006008793285473639,0.0003808236702157116,0.057090695850898564,0.08483003849559342,0.14831035070777557,0.007275303503392275,0.7143395280590947,0.12468987807554284,0.11546206203110786,0.9617667571868304,0.9757279992639817,0.9757217406234353,0.9910454637912924,0.988631730667329,0.9639413608557984,0.9967095971862407,0.9899662247949704,0.9925412718396172,0.98601770016645,0.5711555653185193,0.7825975140183338,4.7947992853010906e-05,0.9666517711493479
139,0.006114079183247421,0.0003892599513339254,0.057088897886825966,0.08488148098589533,0.14847371754250996,0.006998659010995857,0.7145013898147821,0.12469126677883721,0.11545717670857289,0.9616484561732396,0.9803447768197473,0.970873786407767,0.991171364309562,0.9802455164137738,0.9631705990750181,0.996600055771445,0.9896345636792762,0.9922942105317664,0.9860912892899678,0.5793580116047594,0.7867966919536058,4.791839955217513e-05,0.9659706755984725
140,0.006027134542638156,0.000380958828959286,0.057077463059999785,0.0848427434003106,0.14832829873178907,0.007263843167013455,0.7144322750111318,0.12473827044580885,0.11545802605545892,0.9618923855569078,0.9799068882296494,0.9733009708737864,0.9911582279828618,0.9800190039681695,0.958921435163958,0.9955407806203225,0.9863708586783915,0.989907864305963,0.9864180326974666,0.5772373211552924,0.7857104208669252,4.788860472997902e-05,0.9621451144458484
141,0.005950978836865006,0.00040256888890359056,0.05714112958373801,0.08485162666385965,0.14834630288608333,0.006431579021592215,0.7145569448520483,0.1246903613595765,0.11545875401192687,0.961137628308232,0.980357784329998,0.970873786407767,0.9916869443626022,0.9900348980549551,0.9691803150437421,0.9966452351396083,0.989771447052335,0.9923961431140993,0.9863494446147646,0.5760207116430277,0.7850877215349309,4.7858608680485444e-05,0.9714309779756282
142,0.00591768816036264,0.0003801915213620106,0.057146045056031776,0.08485563235946116,0.148299556013216,0.0061716409730170054,0.7141165022775918,0.12469350592923288,0.11546038269726415,0.9604420170882823,0.9756478217257862,0.9757281553398058,0.9915997320037963,0.990062365493132,0.9673600812183911,0.9965221106793318,0.9894017253228174,0.9921196727681051,0.9863410594921728,0.5733787593071522,0.7837347971114283,4.7828411699743284e-05,0.9697840462969316
143,0.0060042102318353646,0.0003859830165156427,0.05708739306256561,0.08487782102329125,0.1483554072639485,0.006087244103609591,0.7140774844471038,0.1248054584690944,0.11546074469704085,0.9604309139474069,0.9732986620810241,0.9732147059805769,0.9910131043681962,0.9897123110609842,0.9715081671289043,0.9944131629605643,0.9828848527390305,0.987366053270866,0.9866630677707514,0.5729826137551456,0.7835308028761275,4.7798014085784567e-05,0.9734586608528335
144,0.005922341677191346,0.000379730735958549,0.057145878942828104,0.08483198009083925,0.14827993087509136,0.006773047527501003,0.7145159710503614,0.12470010143024315,0.11545992985251963,0.9614490304586183,0.9778810451838852,0.9684466019417476,0.9908246273470547,0.9882798469292209,0.9612966795143081,0.9964505298287276,0.9891832314333393,0.9919577306102005,0.9867762150367385,0.5738903046352486,0.7839956816593613,4.776741613862146e-05,0.9642494742975828
145,0.00587770278589713,0.0003861720298315578,0.05710958199179852,0.08483778666511872,0.14821124223538631,0.00680067498449217,0.7144097983404762,0.12469123307750633,0.11545691180761923,0.9613585960062057,0.9803437349804879,0.9684343008634071,0.9910620677317387,0.9802290802682176,0.9640828248110811,0.9965685044257339,0.9895394243836285,0.9922232028365634,0.9860823325540953,0.5784338557136751,0.7863240172222596,4.773661816024335e-05,0.9667807491031468
146,0.005907237918883408,0.000369356286572051,0.05709569287423643,0.08486550137728761,0.14823778784336822,0.007028459545244209,0.7144965271628583,0.12470463663339615,0.11545957322835614,0.961689167689783,0.980468390448744,0.9757281553398058,0.9916207120613417,0.9913053344620831,0.9635901326914761,0.9963136424150836,0.9887430277762717,0.991643176344453,0.9866152682102027,0.5742344579090244,0.7841726969627656,4.770562045461385e-05,0.9663931906284626
147,0.0059637968373422185,0.00037139475847464153,0.05707161199938448,0.08484166459098381,0.14824846680300224,0.006544033940591961,0.7141119487545035,0.12468688969785068,0.11545633430076387,0.9607991659579499,0.9755323856390533,0.970873786407767,0.9913337096181867,0.990557696470033,0.9682424957822053,0.9966826334916523,0.989879836420051,0.9924786178347784,0.9862854054064327,0.5790426007624047,0.7866351984648196,4.767442332766781e-05,0.9705516171658035
148,0.006026741670820997,0.0003865629523374875,0.05706784057725279,0.08484976818794722,0.14833091284326938,0.006700080345949359,0.7140848904940749,0.12468841100603806,0.1154569330205417,0.9609302933969646,0.9802461421356519,0.9635539369646096,0.9912461527211205,0.9906405942431443,0.9627719594990831,0.9966797999424295,0.9898726353367387,0.9924727846416751,0.9864151513922302,0.5779684009784201,0.7860847355605556,4.7643027087308265e-05,0.9656193788212869
149,0.005941813742558576,0.0003854745739366415,0.057072610280674355,0.0848274826086633,0.14822738042458353,0.007065917766155975,0.7140041556877178,0.12468578508172011,0.11545896604464152,0.9612148277500133,0.9757264288025115,0.97565719465701,0.9913279123635257,0.9903230664790479,0.9664661472498887,0.996700331930052,0.989936408486568,0.9925197309615392,0.9864330970699671,0.5750535535417532,0.784592424813958,4.7611432043403436e-05,0.9689523237612524
150,0.005867196469726959,0.0003585005538065197,0.05706422799146237,0.08483518018276272,0.14812510425871517,0.006799828777659125,0.7142360185217983,0.12468950496745233,0.11545874067422948,0.961184074223968,0.9666295505245918,0.9854368932038835,0.9922409708251844,0.9902436356787289,0.9686623264409653,0.9966395230641909,0.9897539510587866,0.992383151456414,0.9865322867177126,0.5757125799649039,0.7849295735372382,4.757963850778365e-05,0.9710201908793872
151,0.005828896328575252,0.0003830253985261671,0.057057888879213925,0.08485157509368164,0.14812138522227195,0.006287143934576005,0.7139177798730723,0.12468967721869909,0.11545934299383448,0.9603539245116278,0.975545486229086,0.970873786407767,0.9909467855116104,0.9885588597163398,0.9668927165038685,0.9965704834124929,0.9895443651090422,0.9922272784870312,0.985827112737952,0.5749208986863992,0.7845264142518091,4.7547646794238276e-05,0.9692981234046427
152,0.00586059568459506,0.0003726436444823605,0.057061935895619614,0.08484407470421625,0.14813924978434112,0.007641581136327951,0.714451622048808,0.12468756569327467,0.11545776851822676,0.962238515288101,0.9803906620826931,0.9707984777923798,0.9914898535178832,0.9902378810175718,0.959080177042515,0.9966287960564191,0.989724049210771,0.9923600069662547,0.9864492405506201,0.5768739590527416,0.7855245579271655,4.751545721851261e-05,0.9623211446900518
153,0.00580966941124417,0.0003762721978707016,0.05704822810125475,0.08486660734938525,0.1481007756810114,0.006644805490661779,0.7139979201400836,0.12468526871402029,0.1154555149878245,0.9607834939511947,0.9779933008094692,0.9707923658785772,0.9911836386186154,0.9885993995719483,0.964403312454853,0.9966316745826134,0.9897285050348615,0.9923647764259681,0.9862761825913714,0.5800870131312099,0.7871698824000434,4.748307009830476e-05,0.9670813450712293
154,0.0057902835131926865,0.00037473489313236797,0.05705516078929209,0.08484490256795148,0.14806508176376165,0.005983404044660263,0.7142726297329127,0.1246884202324047,0.11545465714804867,0.960399088773085,0.973406364500153,0.9781553398058253,0.991352120666696,0.9900132291319471,0.9711217389203078,0.9965712480210134,0.9895438203820904,0.9922277941812382,0.9866389712917523,0.5814380775938711,0.787859803552646,4.7450485753262525e-05,0.9731447770949467
155,0.00575322303129601,0.0003563166019830061,0.057061025824571524,0.08485258875868326,0.14802315491468795,0.006931126723017718,0.7143070398834702,0.12468734047727881,0.11546005553763765,0.9613855499677707,0.9709424449544234,0.9732367847218588,0.9912339347454595,0.9884730921772307,0.9651066494144965,0.9966119971574553,0.9896710752442289,0.9923212553795968,0.9866423466349682,0.5739884072749507,0.7840466761203003,4.741770450498024e-05,0.9677193779475928
156,0.005848457387074286,0.0003571695632692137,0.057064525204001314,0.08484739679457147,0.1481175486751171,0.006575289702168401,0.7145624364348891,0.12469281792795102,0.1154588634157891,0.961289398101945,0.9734878151042561,0.9803489658124971,0.9918923446382761,0.9907859048457756,0.9648448361353779,0.9964864664291886,0.9892960094441536,0.9920401079043327,0.9869652568943176,0.5753969516342494,0.784767014575481,4.738472667699561e-05,0.9675495869856677
157,0.005795884203416697,0.0003681418938571924,0.05705168188930793,0.08483896601867953,0.1480546731096475,0.006765049380959624,0.7140471332925589,0.12469133935444096,0.11545812827896887,0.9609616479107753,0.9757841712007599,0.9780416103972092,0.9919448949295744,0.9891045358858254,0.9657531478612043,0.9965336922495683,0.9894383908713772,0.9921463925418812,0.9864661514131245,0.5761211017524622,0.7851392655008652,4.735155259478645e-05,0.9683723225680414
158,0.005776663274345004,0.00035064545841260265,0.057049160041494074,0.08486486734446003,0.14804133525784152,0.0066617624778203995,0.7140094326197174,0.12468654905576163,0.11545885503871145,0.9608165714407214,0.975786895410003,0.9781541202389483,0.9918672989076759,0.9890299995089621,0.9669840567140838,0.99662391605498,0.9897079372369018,0.9923484761163144,0.986582115930415,0.5757986030143416,0.7849735354549666,4.731818258576759e-05,0.969472380933443
159,0.005765840676782045,0.0003574996030469633,0.057058972205213936,0.08484197734647618,0.14802428894710046,0.006941693527093206,0.7142756024296419,0.12469070644113066,0.11545800517067081,0.9613659789525165,0.9757846037325816,0.9780594739614435,0.9914726319879865,0.9901010155446421,0.9611162555946453,0.9965800635074841,0.9895761513583577,0.9922499691973119,0.9860299030678146,0.5764677453586576,0.7853182646083677,4.7284616979287515e-05,0.9641518932339794
160,0.005824177990923273,0.0003562304715341237,0.05705806165161528,0.08481386376284256,0.14805233293246728,0.006519694016387426,0.7143900172574532,0.12469091961266464,0.11545791935387979,0.9610585221354826,0.980390313850811,0.9707809334982658,0.9907589447593433,0.9871869574694155,0.9647798550035788,0.9965132727043752,0.9893739629152201,0.9920993737004528,0.9866162087917811,0.5757210616386031,0.7849339716047484,4.7250856106625244e-05,0.9673777639791552
161,0.005765013296369444,0.0003676644725232852,0.05704362030319599,0.08484613223705885,0.14802243124326894,0.006575459961446456,0.713941778864885,0.12468916143005994,0.11545611002091608,0.9606624767570298,0.9778366527553587,0.9757281553398058,0.9910388874082648,0.9897354854444909,0.9658647219349301,0.9965018260650543,0.9893398684072695,0.9920737093696489,0.9863508848917135,0.5784566913795242,0.786335296247945,4.7216900300986936e-05,0.9683821384822635
162,0.005824515930729209,0.000352602578854005,0.05704349964625477,0.08480988258080933,0.14803050157319697,0.006750690152608051,0.7138226021880315,0.12468689799772026,0.11545929501865812,0.9607194600327645,0.9804376702617148,0.9731780679347277,0.9916989599232332,0.989650774922223,0.9629632939870717,0.9966225217688544,0.9897022613266732,0.9923447740018887,0.9869988989766377,0.5741883318579042,0.7841479123158308,4.718274989750269e-05,0.9658368605806879
163,0.0057965579459086595,0.0003747171601714863,0.0570455860597482,0.08488097786420831,0.14809783922575917,0.005997484835935997,0.7140099654914184,0.12467942869416172,0.11545561372731943,0.9601424759533739,0.9781508555883852,0.9779505605427283,0.9912214084752496,0.9884914355389484,0.9697349564313683,0.9967369656735754,0.9900504677946004,0.9926035957806054,0.98637447884078,0.5801558416982266,0.7872050094782059,4.71484052332232e-05,0.9718836016357564
164,0.005770645595585126,0.00036497569174886974,0.057039058057909806,0.08485195696971577,0.14802663514651165,0.0059396507919143495,0.712882546538516,0.12468077956549244,0.11545505974962922,0.9589580241880269,0.9825426177166388,0.9733009708737864,0.9914738529312485,0.9902397657917223,0.9719326268238762,0.9967066511945882,0.9899561834496761,0.9925341353600129,0.9864794199731566,0.5808630088869793,0.7875664769386107,4.711386664711646e-05,0.9738867494346134
165,0.0056070759877022095,0.00035029895777374977,0.0570468537200609,0.08481315402265811,0.14781738254072752,0.006441464618697685,0.71321431095736,0.12469248809499445,0.11545819298899854,0.9598064472020599,0.9710830331280424,0.9781100165309409,0.9906965250306174,0.9906965250306174,0.9687086602623257,0.9964774260578584,0.9892675509816548,0.9920193644314679,0.9866585346214126,0.576420199256746,0.7852916079040497,4.7079134480064326e-05,0.970907446739155
166,0.005714315092625393,0.00036276675345752526,0.05703182582178882,0.08483217343919636,0.1479410803997455,0.006671183711506542,0.7135319791803704,0.12468352906135698,0.11545733854637863,0.9603440051251743,0.9712167524131269,0.9827897400101049,0.9914496248235674,0.9911991343501708,0.9692271568923901,0.9966676111830743,0.989838878905729,0.9924465107577455,0.9870040992722952,0.5772047424172743,0.7856923852761043,4.7044209074859305e-05,0.9714494036855078
167,0.0057751233312132435,0.0003705517191034525,0.057031636739178646,0.0848065948094497,0.1479839063370166,0.006521781899150788,0.7132374912716563,0.12469344690364877,0.11545777790866059,0.9599104730576431,0.9827034180130328,0.9684466019417476,0.9916188969242415,0.9912143704496729,0.9694138620537943,0.996461841537133,0.9892172862000012,0.9919831657655639,0.9872714457299412,0.5753984778770622,0.7847664767220152,4.7009090776201026e-05,0.971634365540839
168,0.0056768948704467555,0.00035888990860220057,0.05703251722022659,0.08482038830479346,0.14788868976998207,0.006961582423491798,0.7136033159957651,0.12468793552002141,0.11545686874480754,0.9607096867240155,0.9803920978349782,0.9708708125258289,0.991929348661954,0.9914295593031801,0.9638454112536794,0.996551728015256,0.9894864574263779,0.9921846858569876,0.9864771202794991,0.5778851598007836,0.7860420905669666,4.697377993069293e-05,0.9666538049945069
169,0.005718885215452914,0.0003462503337026259,0.057036883955329194,0.08481168091644586,0.147913699709072,0.006983696182157091,0.7134450404508127,0.1247013020546325,0.11546063630653478,0.9605906559395666,0.9803917715568358,0.9708543742845667,0.9916501474649171,0.9911818492757503,0.9624386366878079,0.9962126466249279,0.9884479604957895,0.9914185122587477,0.9871043832097265,0.5721728653864839,0.7831152989265339,4.693827688683879e-05,0.9653597877655189
170,0.005746664917530792,0.00033537377888056907,0.05703961360871483,0.08481626074104884,0.14793791316951493,0.005952476930124154,0.7131212841290885,0.12468821609421715,0.11545633428146185,0.959218295126999,0.975845009446914,0.9805658750612266,0.9920247113917328,0.9908152532950808,0.9720585295668892,0.9965849435089232,0.9895903890784634,0.9922607904382378,0.9867532197733458,0.5789890241583614,0.7866063821275113,4.690258199503934e-05,0.9740551477493735
171,0.005771126129466633,0.0003548227100020246,0.057019046840735665,0.08483032607642325,0.14797532172400718,0.0063056568314992095,0.7135839310087687,0.124680659584122,0.11545755124501304,0.9600277777780523,0.970982386374691,0.9757281553398058,0.9907331426418577,0.9890205327241592,0.9669322630473349,0.9966248605713877,0.9897127026598834,0.9923513824419651,0.9865818622597338,0.576629143079592,0.7853987798204166,4.6866695607588737e-05,0.9693123510067873
172,0.005730130409947334,0.0003581100925224124,0.05705009609306415,0.0848532892194205,0.14799162498409885,0.006924007698661923,0.714143908011481,0.12468165981491612,0.11545880991058337,0.9612083651241243,0.9757256813430665,0.9781553398058253,0.9919757417654327,0.9909599646236426,0.9642988603246037,0.9966070496905587,0.9896610526031115,0.9923121830271713,0.9870109543056012,0.5749661745535178,0.7845456373658662,4.6830618078671134e-05,0.9670665484686866
173,0.005783609167281827,0.00036823081576453577,0.057032159669566033,0.08484403589750046,0.1480280341570859,0.006601881644268728,0.713292604752773,0.12467487021276988,0.11546082000388073,0.9600301375660871,0.9756213229373084,0.9733009708737864,0.9911160796736359,0.990568371221306,0.9698853638288224,0.9967887791450779,0.9902060873993661,0.9927200320405803,0.9869933916086824,0.5707765932741717,0.7824003878858715,4.679434976435718e-05,0.9720084354133038
174,0.005664842190520131,0.000347981623185731,0.05702975907705608,0.0848587107569597,0.14790129391331747,0.006385151416526558,0.7129862683548212,0.12467494417811922,0.11545544008632706,0.9595017782147066,0.9828841909896286,0.9756763934886679,0.991556341682975,0.9912119899665102,0.9710965266319544,0.996780998128958,0.9901816012311296,0.9927020352506043,0.9864798137835894,0.5799750561332704,0.7871119168874061,4.6757891022600496e-05,0.9731425081370566
175,0.005692388075621017,0.0003494838248803209,0.05702411512713976,0.08483360688457835,0.1478995935595715,0.006622395256022717,0.7128902984777263,0.124683260415811,0.11546138143215155,0.9596573114395142,0.9664708843424774,0.9805825242718447,0.9906788699343343,0.9899755717929462,0.9683386402867697,0.9965736093120323,0.9895574028097104,0.9922357871534956,0.9873341940675349,0.5706444997104707,0.7823316829441053,4.6721242213234145e-05,0.9705726632515261
176,0.005681735697187909,0.000356217835851284,0.05703155663578621,0.08484661958899369,0.14791612983367602,0.0064233637566393515,0.7128612415531138,0.1246793560413499,0.11545721231115297,0.9594211510426022,0.9803531421945586,0.970873786407767,0.9913067539769633,0.9913067539769633,0.9689743618338781,0.9966445829735177,0.9897720007590468,0.9923957452309332,0.9868563034497841,0.5768083557832421,0.7854896823020397,4.668440369796708e-05,0.9712076010481867
177,0.005647490194424444,0.0003495805955689805,0.057031892683993966,0.08481983251271316,0.14784879588710212,0.006269256259493261,0.7130073282508654,0.1246796142251998,0.11545437912171987,0.9594105435776586,0.9780519080628172,0.9757281553398058,0.9915790489755908,0.9911245702263115,0.9720745344570695,0.9967322880685089,0.9900301991544637,0.9925907203342802,0.9868842133952745,0.5807408780289376,0.7875027307717896,4.664737584038057e-05,0.9740249859089216
178,0.005510705113410952,0.0003418970026963733,0.05702297439692552,0.08483811353521489,0.1477136899152568,0.006174906717680898,0.713066780604229,0.12468149651980771,0.1154549804472707,0.9593781396515011,0.9804086511854548,0.9733009708737864,0.9916962734632856,0.9905713581449751,0.971714073212218,0.9966317195595852,0.9897352661282893,0.9923675456678459,0.987144019246731,0.5802710329553131,0.7872612290863811,4.661015900592463e-05,0.9737122932373248
179,0.005686578898849881,0.00034951974382054624,0.05702889448157246,0.0848395787131215,0.14790457054741024,0.006602802826332924,0.7133037547373401,0.12467491769574467,0.11545367957782869,0.9600351332382835,0.9805808032770315,0.9804941081633178,0.9918294577897591,0.9911888229581041,0.9697003197629348,0.9967800985895223,0.9901778336756286,0.9926996108060996,0.9869548116347292,0.5818174790912761,0.7880531915587469,4.657275356191437e-05,0.9719132335656172
180,0.005644616351844114,0.0003400450179575331,0.05701501650127722,0.08485276097615148,0.14785243910520188,0.006542653151126723,0.7133216976501779,0.12469055874205624,0.1154560621132968,0.9600109593855902,0.9852573456004982,0.9732582126689024,0.9919163481629799,0.9906605805738554,0.9677172632980986,0.9964664741652273,0.9892284401963782,0.9919932603792834,0.9869689875581134,0.5777495439338303,0.7859713939616719,4.6535159877526454e-05,0.9701371717845868
181,0.005576019580500112,0.00034453791566193116,0.057021267461189955,0.0848245633708149,0.14776638829646332,0.006642790980289638,0.7135737072247914,0.12467961750654359,0.1154615302893473,0.9603576088816391,0.9688187134575519,0.9803808552853696,0.9916880224963991,0.9905279399440514,0.9664203503566101,0.9966173044401265,0.9896900635346293,0.9923344602165293,0.9870924724990396,0.5706512112254224,0.7823360763946122,4.6497378323795345e-05,0.968947117570589
182,0.00556156399027671,0.00033383675295994673,0.05700346759949941,0.08484592067241824,0.1477447897967897,0.006482716570246405,0.7134937128254788,0.12467997366745855,0.11545794679170446,0.9601143339137339,0.9803202853690638,0.9781553398058253,0.9915542313586542,0.9901471836072702,0.9681107260842851,0.9966289534758201,0.9897285712485923,0.9923619619280238,0.9874768902814932,0.5745541673360754,0.7843332903260505,4.645940927360973e-05,0.970455076611722
183,0.0056094081661244135,0.00033584562106144856,0.05701587119482342,0.08481662450696056,0.14777774993002105,0.006848091912393125,0.7133249537808908,0.1246817391848317,0.11546166686080589,0.960316422689764,0.9754896955787942,0.965999244910739,0.990654560898755,0.9879274632678574,0.96505452733252,0.9966055654504896,0.9896582182641237,0.9923093870326571,0.9872156612566236,0.5700345261943554,0.7820194342645781,4.64212531017088e-05,0.9676145306891435
184,0.005572717356558288,0.0003407559915411965,0.0570141642976919,0.08483825313709097,0.14776588960941592,0.006864118508106686,0.7130043591118848,0.12467985492141753,0.11545602386633967,0.9600043441965173,0.9732880708942865,0.9757281553398058,0.9913819481523792,0.9897718359534458,0.9676930751491744,0.9966394331102476,0.9897586049317069,0.992384933980581,0.9868540226834858,0.5781759691275786,0.7861896737952897,4.638291018467859e-05,0.9700619624494948
185,0.00559401457482669,0.0003445747450302919,0.057000957410107,0.08481992209339852,0.14775946890751931,0.006797116083802336,0.7136891059677832,0.12468656303042575,0.11545605207624522,0.9606288242216555,0.973285026408483,0.9781553398058253,0.9911464223232919,0.9891267741200022,0.9653096924791409,0.996533512341681,0.9894405770893047,0.992147196111855,0.9867675702616565,0.5786020138177509,0.7864080611203368,4.6344380900948195e-05,0.967893365463556
186,0.005530191181237216,0.0003567754976219772,0.05701088673710206,0.08480805518115277,0.14770590826637386,0.006440689468013188,0.7133489361698764,0.12468105079750941,0.11545614495757639,0.9599267991713292,0.9779845984510841,0.970873786407767,0.9908091452395208,0.9876346207043188,0.965427782339835,0.9966272218624067,0.9897258236093962,0.9923590060895504,0.9868703829795427,0.5781180389724737,0.7861597470523967,4.630566563078609e-05,0.9679659186298035
187,0.005558005342829412,0.0003382020198542218,0.057007104853274294,0.08481083515491047,0.14771414613785522,0.007046491154734952,0.7133342438534751,0.12467809990434449,0.11545417039930203,0.9605129917050891,0.973394534241095,0.9781553398058253,0.9912209863866378,0.9894194098168381,0.9625159770328955,0.9966934279648821,0.989923680016389,0.9925073653446255,0.9865282679960892,0.5810726239248704,0.7876734396454699,4.6266764756296356e-05,0.9653864779682697
188,0.005573476707379437,0.00034321094211673477,0.05701646212623527,0.08484063884774175,0.14777378876901043,0.006523067284124502,0.7134693580587912,0.12467504431701078,0.11545699115823278,0.9601244432320867,0.9802943482207476,0.9659586401509449,0.9907009537310149,0.9887537023248353,0.966815369670879,0.996724731937248,0.9900178782035484,0.9925777890302454,0.9874259645549467,0.5766473381100072,0.7854053550217115,4.622767866141493e-05,0.9692039280768926
189,0.00556756561901903,0.0003465174282346055,0.05701991732333608,0.08481237251272937,0.1477463724854079,0.006523408936095361,0.7133639905860387,0.12472815506662112,0.11545661905384744,0.9600721384577183,0.9851835849744737,0.9683406850822734,0.9918383465758874,0.9885809723021849,0.9695771997586192,0.9955645284614277,0.9864259645446513,0.9899665389494676,0.9875006473423564,0.5766020590315012,0.7853820908179623,4.6188407731905787e-05,0.9718033144403461
190,0.005548516073375165,0.0003455760196777823,0.057083161441618915,0.08483071880501941,0.1478079722644134,0.007040338652121589,0.713513675748993,0.12468655797329592,0.1154595205917414,0.9607000740080918,0.985256304389672,0.9731886124426357,0.9914364701084108,0.9889487159394833,0.9645536124566657,0.9964903794257339,0.9893059302761125,0.9920484829612805,0.9872847644592784,0.5726778810357308,0.7833735267471023,4.6148952355357145e-05,0.9672418982218403
191,0.005528602816280306,0.0003459862516372625,0.05700611469813579,0.08479457347137477,0.14767527642027703,0.006136691786464632,0.712915112984613,0.12467959642873527,0.11545419379335302,0.9591855715593526,0.9877441595854535,0.9780796913213877,0.9918265633327559,0.9895768356613333,0.9719987193489071,0.9966342382700059,0.9897450264927632,0.992374041577717,0.987113447357208,0.5805265816353128,0.7873924296548507,4.610931292117764e-05,0.9739815037472921
192,0.005656710609870872,0.0003516714095374462,0.057038954676278515,0.0848176684278821,0.14786500464449276,0.006797802593423913,0.7133654374038616,0.12468083276186583,0.11545863758212853,0.9603026830470623,0.9850740655607484,0.9611284451956996,0.99121262158497,0.9884471681660041,0.9652341535839574,0.9965964126367299,0.9896311050363508,0.9922889218945702,0.986852751974828,0.5748992955611075,0.7845121004199075,4.6069489820592495e-05,0.9678320003840587
193,0.005474882057911374,0.00034221697646950796,0.057003296602884106,0.08481018637533787,0.14763058166120954,0.00648335554439169,0.7129168673500497,0.12467951366166377,0.11546114477005648,0.9595408566257496,0.9851115119106085,0.9635823618891814,0.9912512938180795,0.9795731170873202,0.9654862285560931,0.9966343507124352,0.9897435615493492,0.9923736320257242,0.9874081263445399,0.5707304011967432,0.7823754596895734,4.6029483446639616e-05,0.9680627350822918
194,0.005485349865775034,0.0003199766703683478,0.057002913013795495,0.08481061129005617,0.14761884950603227,0.0068282177442096055,0.7133482202717675,0.12467822899626944,0.11545850697499482,0.9603131629642427,0.9803795770633278,0.9733009708737864,0.9916266259346269,0.9892715968073842,0.9671981080510543,0.9966530836211861,0.9898010598970726,0.9924161754363323,0.9871591476755461,0.5736988429092791,0.7838967951819037,4.598929419416578e-05,0.9696409598394117
195,0.005556947780396651,0.0003344365431314306,0.05700796827133455,0.08482402856968382,0.14772338061135049,0.006414317735736235,0.7131868198375011,0.12468042888635181,0.11546041098437779,0.9597419660943778,0.9804869231858664,0.975683297645008,0.9920002358484755,0.9902325706243498,0.9672744874299826,0.9965882043393781,0.9895939370260949,0.992267106597719,0.9876839429134917,0.569958598803126,0.7819796627926074,4.594892245982269e-05,0.9697470622718319
196,0.005533046095482425,0.0003371258711181773,0.05699099617686914,0.08482589145128282,0.14768705976441734,0.006042662723076777,0.7129835320507304,0.1246733716037607,0.11545677440617369,0.9591563279146975,0.9780416990820698,0.9733009708737864,0.9920150773399189,0.990786055585549,0.9722621506497223,0.9967620403353483,0.9901303026698705,0.9926616798066935,0.9873084841546567,0.5760054802233033,0.7850776988366577,4.5908368642063024e-05,0.974237443318742
197,0.005484073217668684,0.0003245604205201017,0.056998365939898814,0.08480617592178787,0.14761317594681378,0.0060543951515706716,0.7130804984927794,0.12468151937340208,0.11545839389409734,0.95927478643279,0.9780479999868926,0.9732656736251437,0.9913156546821847,0.9885739221904073,0.9689999667603535,0.996593871437824,0.9896230823378737,0.9922832040492218,0.9873184546997305,0.5744799603638511,0.7842964632543317,4.5867633141136646e-05,0.9712315355525366
198,0.005563367463146464,0.00033533147695459866,0.056987783162241776,0.08483337488392165,0.14771985675695645,0.006402196952098392,0.7131250715502803,0.12468250169191954,0.11545272116486581,0.9596624741900153,0.9733723835733882,0.9805825242718447,0.9913346720000417,0.9897652346634782,0.9673552353412903,0.996571720279217,0.9895494417338163,0.9922312038547507,0.9870372900523492,0.5830594200213279,0.7886888731310503,4.582671635908646e-05,0.9697531790071654
199,0.005458573146187581,0.0003164293794588721,0.057006935864069304,0.08479815761563538,0.14758009529175536,0.006250414545671928,0.7127274160434544,0.12468621223547298,0.11545947276133021,0.9591235011970441,0.9801476144649425,0.9586754942377012,0.990328266557566,0.9862830030428301,0.9685915641406309,0.9964205301885433,0.9890774364349961,0.9918866814797014,0.9877136476399007,0.5725428398524816,0.7833028810237272,4.578561869974462e-05,0.9707652343823244
200,0.00542361719311828,0.0003324004193198495,0.0569901647615618,0.08481050745482735,0.14755668911909192,0.006379465199813941,0.7129263748406127,0.12468887919589028,0.11545595919491404,0.9594506689303898,0.9851409612453941,0.9684466019417476,0.991288073985836,0.991288073985836,0.9720866476151608,0.996281528857225,0.9886423980568855,0.9915719126089562,0.9873618175697927,0.5770716505428977,0.7856232493727792,4.5744340568728405e-05,0.9740067902522285
201,0.005515654099419946,0.00032417298666167756,0.05700274856056574,0.08480109301892741,0.14764366804626938,0.006464727048429183,0.7129380826011223,0.12469220447107918,0.11545996459615972,0.9595549585288052,0.9756001062697099,0.970873786407767,0.9902680441654904,0.9888506007532126,0.9660797906708931,0.9962226090241795,0.9884674838703554,0.9914397073833069,0.9874965235715176,0.5713917538705061,0.7827141589265306,4.570288237343632e-05,0.9684986160203528
202,0.005438186319380842,0.00032214943638042467,0.05699097785925,0.08478988546376247,0.1475411991690107,0.006234073753183989,0.7129766908951991,0.12468601705342376,0.11545689052713967,0.9593536517163015,0.9827996387386572,0.970796776856168,0.9909748400974249,0.990270254860951,0.9685173509340682,0.9964817663356362,0.9892800053987143,0.9920289783169066,0.9869482964907911,0.5762384153159481,0.7851977064541329,4.5661244523044007e-05,0.9707630998504039
203,0.005491784295269862,0.00032256318188701895,0.05699975479760936,0.08482914150166543,0.14764324340177942,0.006752661738370983,0.7129542395240902,0.12468417039034897,0.11545773058010197,0.9598487807061388,0.987566644939424,0.9684466019417476,0.9913512679009466,0.9909481848345169,0.9679208533679058,0.9965434072754749,0.9894701173967371,0.9921693438394218,0.9871405108169757,0.5750209398754348,0.7845738117755504,4.5619427428500246e-05,0.9702638948212099
204,0.005499613606250348,0.0003244301404591668,0.057000227523436815,0.08483758752132944,0.1476618578860179,0.006431397928475099,0.7130134080481655,0.12469245064907124,0.11545253497755899,0.9595897772151571,0.9827771461958738,0.9757281553398058,0.990697651774661,0.9884096986844108,0.9680813819236628,0.9962163122481288,0.9884588065851462,0.991427070563083,0.9871545199350759,0.5824939709063018,0.7883993550037207,4.5577431502522875e-05,0.9703430089087627
205,0.005424211689227601,0.00033304369714053176,0.056984387357463494,0.08483137801250955,0.14757302009688758,0.006916191763210792,0.7127030774842887,0.12468070266623571,0.11545755922639926,0.9597574978912432,0.982595205549299,0.9635922330097088,0.9892814311996033,0.9858454554806325,0.9626195181769013,0.9965718102331605,0.9895456580597164,0.9922299017032622,0.9874884296824495,0.5759452710381666,0.7850459783073553,4.553525715959472e-05,0.9652857094791715
206,0.005447064888292024,0.00031500342200688745,0.05698051392414409,0.08481751515052324,0.1475600980106413,0.006178485575117598,0.7126252635896516,0.12467530300271326,0.11545658784247742,0.9589356171652443,0.982828689130539,0.9733009708737864,0.9910528806219884,0.9889273576190724,0.9712133854634375,0.9967306464090386,0.9900347789474934,0.9925907284684506,0.9871839758069088,0.57693089640679,0.7855515825877183,4.549290481595954e-05,0.9731973349792926
207,0.005421485184387841,0.0003212491461495663,0.05698116432508656,0.08481013897922218,0.14753403765549933,0.0062836293760358975,0.7127663113292635,0.12468198625071679,0.11545538345419372,0.9591872843436009,0.9804381464160132,0.9757281553398058,0.990757573970707,0.9884713618202048,0.9687338287529353,0.9965158139032817,0.9893854374208624,0.9921065355701224,0.987069490336156,0.5796872596515789,0.7869626905865128,4.545037488961785e-05,0.9709362032747124
208,0.005371618159694375,0.00031995469250672835,0.056992360714031624,0.08479940144760158,0.14748333456293908,0.00600919550873455,0.713149015199335,0.12467456987330333,0.11545775146489007,0.9592905087792194,0.9803909739916987,0.9708141921011936,0.9905726252954893,0.9880222076068481,0.9677932496033069,0.9966965538644216,0.9899336984626015,0.9925145878586439,0.9873131331244908,0.575402338263638,0.7847685989841076,4.540766780032285e-05,0.9700711871725252
209,0.00544315470006182,0.0003184504776112157,0.05698953659654899,0.08483539557885475,0.14758653645379555,0.00697832192164011,0.7128580597398194,0.12467328744694359,0.11545525127394521,0.9599649035251202,0.9874361813579587,0.9538064425464257,0.989254257046558,0.9843696165938819,0.9613994503433372,0.9967798737046634,0.9901742077297891,0.9926981183767112,0.9875574432604407,0.5783694356467329,0.7862870182102275,4.536478396957629e-05,0.9641849310136593
210,0.005438591402429372,0.00032171193761220253,0.05697891948059433,0.08480736747905226,0.14754659037824738,0.0063793453002840735,0.7129197760073014,0.12467689341214036,0.11545328076909551,0.9594292557301299,0.9824442450423929,0.9684466019417476,0.9908490835696934,0.9881641349669009,0.9667251340191235,0.9966340133851467,0.9897432849845095,0.9923731512328239,0.9868980311218452,0.582322340541769,0.7883120742170977,4.532172382062426e-05,0.9691375289741806
211,0.005410479121875268,0.0003280879255056072,0.056973513968559125,0.08479332861157587,0.14750540966814663,0.006493887079812084,0.7122797057789224,0.12468120139188717,0.11545605625513304,0.9589108342951443,0.9828008743247914,0.9708675711432649,0.99110666844288,0.9884853521033559,0.9673599607810152,0.9964299978411055,0.9890974039546665,0.9919069661389036,0.9873410867008604,0.5772815033966578,0.7857304171750253,4.5278487778453034e-05,0.9697346315472017
212,0.0053528531042405375,0.00032427628896165384,0.05697863577947098,0.0847702492221495,0.1474260149687683,0.0059459514383207335,0.7123577932249078,0.12469121269457081,0.11545748474954633,0.9584524279431358,0.9781526218099288,0.9780312179932191,0.990862128869797,0.9891156631408146,0.9700160034842694,0.9961866274467474,0.9883601760796896,0.9913600711552195,0.9876803087485901,0.5754131975968042,0.7847728769694164,4.52350762697849e-05,0.9721006160228222
213,0.005406765780300675,0.00032305864081597394,0.05698601187356395,0.0847813834248043,0.1474972184303511,0.007346598400970814,0.7127605809819513,0.12468804152672773,0.11545343931590646,0.9602486509733249,0.9851850365838135,0.9684367661179458,0.989969278736517,0.9864900042222622,0.9589204032973446,0.9963209511729992,0.9887617355426201,0.9916612755529959,0.9873545244990307,0.5809210428083611,0.7875940636714617,4.519148972307392e-05,0.9620252908412619
214,0.005447107423772467,0.00034270075820579425,0.056976320810731826,0.08482870379453188,0.14759483223134373,0.006226110813531234,0.712720943312571,0.12469508251841205,0.1154530149512958,0.9590951334009516,0.9851793967657039,0.970873786407767,0.9910916573327756,0.9894684420826898,0.9663854916813055,0.9961593039363844,0.9882757429660621,0.9912981587928372,0.9872966373540837,0.5823435562972268,0.7883217108262182,4.514772856850173e-05,0.9688561082464525
215,0.005492599516952595,0.00034940800866005976,0.056981174670970504,0.0847781775664017,0.14760135955761133,0.006004681596484209,0.7128749875083488,0.12467457168769343,0.11545340219811763,0.9590076214291271,0.9641137094235545,0.9781236625860967,0.9894855100967864,0.9841185759119183,0.9658672401161837,0.9966865239997122,0.9899025846454276,0.9924916757801536,0.9873694271654153,0.5819694699171073,0.7881298808091243,4.510379323797323e-05,0.968229067114244
216,0.005360785762880748,0.0003179887933125768,0.05698103695104159,0.08479415506143799,0.14745396553234733,0.005976074764147941,0.7127862426283447,0.12467482639717932,0.11545789230209558,0.958895014048858,0.98048581598765,0.9756269669202122,0.9916043715206744,0.9910862774245793,0.9713845997489863,0.9966665992012086,0.9898431495050166,0.99244708455375,0.9875345661801547,0.5747282257791387,0.7844225844772098,4.505968416511242e-05,0.9734065769261552
217,0.005523848765254641,0.0003426438857622714,0.05703269358280409,0.08484506210399106,0.14774424756438004,0.006559199119478927,0.7132497382287534,0.12468135735222713,0.11545640269747978,0.959946661106663,0.9709304510715421,0.9781553398058253,0.9917111653955185,0.9898739452838259,0.9678681968818779,0.9964716015400114,0.9892580711268429,0.9920094314618553,0.9876289046906606,0.5765668730812235,0.785363519025951,4.5015401785258034e-05,0.970252493733242
218,0.005407822965957959,0.0003231395837981158,0.056982747650671496,0.0848033541205479,0.1475170640747782,0.006169155866988582,0.7129653369330373,0.12467876234974885,0.11545548485736773,0.9592687129356701,0.9781540534888161,0.9780965979957403,0.9918904301043289,0.9907310196729803,0.9719386218847701,0.9965952882124353,0.9896312923959668,0.9922878484982545,0.9876960187708618,0.5781089549110677,0.7861528272831363,4.497094653545927e-05,0.9739338027067259
219,0.005362011225112362,0.00032470029677442923,0.05697357310995537,0.08482969955690785,0.14748998364636318,0.007192466302239215,0.7132770633203377,0.12467006613244665,0.11545674863797395,0.9605963193073174,0.980392114913658,0.9708716729679593,0.9903742503393774,0.9875666624864323,0.9625472413120312,0.9967901509427174,0.9902142282729844,0.9927245899028685,0.987144591015635,0.5770432080886374,0.785608950671963,4.4926318854471516e-05,0.9653299422147659
220,0.005385556381601127,0.0003201069067102022,0.05697500483745738,0.08484515418428831,0.14752582194273953,0.006228882244213876,0.7127351924916006,0.12467661743182593,0.11545301166995202,0.9590936812712121,0.9804339560486759,0.9729900223770132,0.989805198675726,0.9879510821717079,0.9690742245286902,0.9966463370754174,0.9897803848713471,0.9924008885316659,0.9872418191985661,0.5822713147910334,0.7882847365683601,4.488151918275195e-05,0.9711473219433938
221,0.00537175710645982,0.00032137455988115595,0.056984930497068195,0.08478727386637055,0.14746533635366765,0.006349732622581444,0.7133568762744646,0.12467388762402411,0.11545573422984447,0.9598362186412119,0.9781013463278091,0.9756898246221977,0.9902543386405176,0.9862465555665627,0.9662939300127265,0.9967120259427171,0.9899799960343244,0.9925492580528892,0.9874306643380945,0.5779823668642767,0.786088806772853,4.483654796245525e-05,0.9686899708755057
222,0.0052919048966521415,0.0003255467249051586,0.05696977902724953,0.08478756379239609,0.14737479427317882,0.005982190379824663,0.7124558388507428,0.12467177656184825,0.11545576841372591,0.9585655439702958,0.9828366388820315,0.9733009708737864,0.9905561139308858,0.979769195558305,0.9686396162540024,0.9967477826352906,0.9900893238273918,0.9926303183321252,0.9874889002458244,0.5777946643145165,0.7859926749925016,4.479140563742922e-05,0.9708312660216908
223,0.0052931246176902485,0.0003101217906941404,0.05697158834091122,0.08481146219075499,0.14738629549896162,0.007037499445090022,0.7130041420892113,0.12467539847051541,0.11545453881700113,0.96017155066673,0.9852578524962734,0.9732920963548567,0.9912338852365087,0.9805849540794154,0.9639155645191039,0.9966593579087506,0.9898236682792575,0.9924317057440055,0.9875353605391591,0.5791843156220116,0.7867037516629835,4.4746092653210375e-05,0.9666473965908444
224,0.00535378835979521,0.0003164998919659638,0.05697031460046151,0.08480221986133663,0.14744282355580304,0.006526124965341598,0.7124674612252825,0.124670474640446,0.11545018126001012,0.9591142291232094,0.9782595587960047,0.9829492670060581,0.9917293618862079,0.9911122757988475,0.9685561358528778,0.9967562607944732,0.9901140094537952,0.9926490438453087,0.9872291053170738,0.5863928943106208,0.7903932328442044,4.470060945701956e-05,0.9708734584562109
225,0.005348888160033548,0.00030951155011826843,0.05696730371661137,0.08479840714735379,0.14742411009079434,0.006557869003226719,0.712596904774404,0.12468122084832563,0.11545491796662462,0.9592908858635265,0.9853654560921812,0.9805555550557671,0.9916434503734923,0.9807177937074912,0.9623288963894565,0.9965386622049508,0.9894615938132789,0.9921607789531264,0.9877325226709875,0.5782053866274063,0.7862017828347786,4.4654956497757575e-05,0.9652603517878602
226,0.005424384690936983,0.0003072015368838076,0.056971532615972924,0.08483127179348098,0.1475343908052988,0.00638331459902729,0.7130834929313067,0.12467326860816985,0.11545352035544697,0.9595935712206549,0.9828624687433476,0.9757281553398058,0.9910104260973331,0.9799536042966057,0.9677422685933479,0.9967319957181923,0.9900377160345101,0.992593424961043,0.9874873239437036,0.580455168629991,0.7873542868996527,4.4609134226000695e-05,0.9700690843437464
227,0.005328396691559508,0.00031751336857985333,0.056977803785102976,0.08481297775176523,0.14743669168936774,0.006357474808865878,0.7127757733597039,0.12469421948639223,0.11545362207710434,0.9592810770390565,0.9782075071935052,0.9805825242718447,0.9904833813418576,0.979446570404111,0.9665313415688669,0.9962718138313184,0.988615767492525,0.9915525269219838,0.9874476287654708,0.5814157736072604,0.7878459939883091,4.456314309399625e-05,0.968926545546166
228,0.00532892503886643,0.0003103217525996384,0.056983585242625964,0.08480656950932401,0.14742940046626668,0.006451790258674423,0.7125001612846099,0.12467953300229008,0.11545508944579048,0.9590865595970747,0.980582194948909,0.980565605306024,0.9904969203747567,0.9794535564749628,0.9663344849520437,0.99648223859384,0.9892683134135423,0.9920274952544577,0.9872314637423608,0.5792787829931981,0.7867532245220628,4.451698355565813e-05,0.968750728494315
229,0.005380153430558239,0.0003276529394746444,0.05697042346386712,0.08481256902661811,0.1474907985005354,0.006695659528124517,0.7129925576639916,0.1246826144157296,0.11545537559827065,0.9598261874574454,0.9756542402304458,0.9757281553398058,0.989542441102483,0.9783292151766005,0.9617426151261071,0.9965107315054694,0.9893680156056349,0.9920949381942153,0.9872016764229516,0.5790796047103056,0.786651492547196,4.447065606656234e-05,0.9645225977237448
230,0.005388571530426104,0.0002928898466142967,0.05696507466117335,0.08481235370773417,0.14745888955543696,0.005318504003663137,0.712301652345015,0.12469144721414141,0.11545396162862914,0.9577655535905473,0.9755766518348623,0.9733009708737864,0.9898410939619576,0.9869685290729784,0.9729364652051167,0.9961252563687393,0.9881783308411054,0.9912228790814215,0.98738500095858,0.58070697673697,0.7874838186548639,4.4424161083942504e-05,0.9746269280808008
231,0.005265908562457623,0.00031129547969047273,0.05697094249524601,0.08481549055175615,0.1473636377043057,0.006231238388026935,0.7124977341093547,0.12468666865109163,0.11545661617784611,0.9588722407509008,0.9757102074865469,0.9757281553398058,0.9907871080413531,0.9884215738325385,0.9696137041236892,0.9963285972582039,0.9888054162059804,0.9916818948923612,0.9876977162094037,0.5761880338437708,0.7851695416179432,4.437749906668534e-05,0.9717310445154557
232,0.005338757927553643,0.0003222730434427298,0.05696945274586505,0.08481639879393763,0.14744688253946256,0.005537563790929133,0.7125582624840612,0.12467461731767407,0.1154542837407768,0.9582247026843728,0.977794344725877,0.970873786407767,0.9907347386614798,0.9878461260071395,0.9706229133403339,0.9966769439047207,0.9898733837623129,0.992470115412234,0.9873375137494124,0.5798171249461505,0.7870285704055514,4.433067047532611e-05,0.9726340958724485
233,0.005318006311055907,0.00030616810458466184,0.057006072870653526,0.08480333897328593,0.14743358499027903,0.006110357469227647,0.7124215662664698,0.12472921806759167,0.11545736096567749,0.9587184691058539,0.96874773825994,0.9780824371165134,0.9907479356377512,0.988077732202527,0.9702599878272601,0.9955985535405872,0.9865258121801256,0.9900446730336837,0.9881690364555233,0.5747842456371872,0.7844493362285322,4.42836757720441e-05,0.9723087826083092
234,0.00529684832985537,0.00030311429844155836,0.05697838361785202,0.0848258188032965,0.1474041651567647,0.006019602455005743,0.7123609857114487,0.12467156458703965,0.11545472421292505,0.9585068587194453,0.971137083246704,0.9805825242718447,0.9907976564375148,0.9876769086193488,0.9700354828754907,0.9967020860319519,0.9899504885904902,0.9925271667251113,0.9873928043535568,0.5795818229639205,0.7869078685522496,4.4236515420658066e-05,0.972111700231693
235,0.005233909358014714,0.0003048966662871405,0.05696174060356431,0.0847729577012167,0.14727350459506475,0.006307426904149624,0.7123317524806203,0.12467412040641271,0.11545667734595469,0.9587699573274722,0.9663447679472956,0.9756866744835496,0.9896892824147322,0.9876446309777168,0.9679462839088672,0.9966530836211855,0.9898019759450793,0.9924165502766069,0.9874439046543209,0.5763327553975449,0.7852445947466615,4.418918988662164e-05,0.9701205837594536
236,0.005244846628119908,0.0003222629923971822,0.056967477531321926,0.08477885259672459,0.1473134381629025,0.006433669649875227,0.7125456644957547,0.12467323869003533,0.11545331969162342,0.959105881075785,0.9757856704792282,0.9781035305979479,0.9905960493069396,0.9792096856630985,0.9658748915672108,0.9966796875000001,0.9898832862394715,0.9924769185368568,0.9880164711175966,0.5807821615996077,0.7875203377538113,4.414169963701872e-05,0.9683470073411837
237,0.005277187623508236,0.0003153078583276642,0.056960831922261826,0.08483255114599368,0.14738587733995112,0.0057614689694785075,0.7125032150189495,0.12467427644396076,0.1154593951865027,0.9583983319411006,0.9758936308664704,0.9854368932038835,0.9901503466365618,0.9877903348456156,0.9687846271778311,0.9966154154073115,0.9896882363871096,0.9923317416834326,0.9878465634972583,0.5728200421557283,0.7834443469937735,4.4094045140558915e-05,0.9709211991237041
238,0.005242460697426079,0.0003094955316595155,0.0569767600089466,0.08481105330154068,0.14733976836031581,0.006194613489462305,0.7124770461957073,0.12466278510081336,0.11545592848539661,0.9587903473661353,0.971107051068715,0.9830097087378641,0.9905527085988534,0.9884065682395884,0.9681750795720399,0.9968924735535404,0.9905244212811076,0.9929556070981536,0.9875460769150515,0.5779262195598637,0.7860597881582235,4.404622686757286e-05,0.9704128424747211
239,0.005319831081004958,0.00030304235246978275,0.0569695906781162,0.08481467887759209,0.1474071416830152,0.005706848054352203,0.7123418003536875,0.12467417132514746,0.11545525746989435,0.9581780436743109,0.9734119496578278,0.9781553398058253,0.9904365854222676,0.9879092902035117,0.9692596679930372,0.9966181140256191,0.9896968718420521,0.9923379436081263,0.9874794152210775,0.5788632110681289,0.7865397121136762,4.3998245290007606e-05,0.9713773597359603
240,0.005244833774517237,0.0003012803814571755,0.05696162174171117,0.08482046745273579,0.14732820235694627,0.006736152301798212,0.7124997276345684,0.12467048996625169,0.1154565061949232,0.9593628539940237,0.9802944332180895,0.970873786407767,0.9899739128029575,0.9789157026175223,0.9664222532367426,0.9967031879677605,0.9899547605343408,0.992529995837797,0.9877431642953497,0.5771297386076816,0.7856513881623013,4.395010088142195e-05,0.968777419193364
241,0.005218184622767057,0.0003114324407603766,0.05700493495853454,0.08481879718119154,0.14735334887714582,0.0055729014839533105,0.7122691444041199,0.12467052968981353,0.11545295238379061,0.9579655030848448,0.9827573325411484,0.9683731587174164,0.9898398597462305,0.9859494625573575,0.9686959589434311,0.9966995223445596,0.9899439408625051,0.9925218341423973,0.9878108757680749,0.5822655824503724,0.7882802629078048,4.390179411698176e-05,0.970810349023711
242,0.005238024521368158,0.00029752787125388573,0.05696458060661128,0.08481110918089516,0.14731124321413783,0.006191919084657659,0.712158132760636,0.12469743694048471,0.11545520237227178,0.9585026672467049,0.9828572846326558,0.9781553398058253,0.9916085663171024,0.9807415290567255,0.9694048492120266,0.9961271229130685,0.9881865376169345,0.9912272946434992,0.9879431955615892,0.578711112226216,0.7864604322551411,4.385332547345532e-05,0.9716252209225342
243,0.005143033571811537,0.00030681723844588107,0.05696006177157318,0.08481021011682527,0.1472201215325242,0.006181109451877022,0.7122178598512641,0.12468417525445859,0.11545736997007089,0.9585404840775722,0.9689724158502171,0.9853933638608505,0.9910933322597654,0.9799156481715389,0.9651759068822185,0.9964479436528499,0.9891790675605624,0.9919537351134272,0.9873309737794542,0.5760069475221367,0.7850779993379648,4.380469542920855e-05,0.9677676494199732
244,0.005284629201641976,0.0003078817732516349,0.05696106221468955,0.0848053107568946,0.14735888292134736,0.005807951003158648,0.7122111661446525,0.12467401849173511,0.1154552354076829,0.9581483482079185,0.9804137487802818,0.9757281553398058,0.9908600049024398,0.9796828450104459,0.9706829175196365,0.9966554898891767,0.9898004952207955,0.9924194125945481,0.9880062893531306,0.577668178456943,0.785926669029555,4.375590446420037e-05,0.9727006262579169
245,0.005193001556890615,0.0002951866426924967,0.05696394142014375,0.08479078503451044,0.1472429137464632,0.006445541224331435,0.7121368696776081,0.12468337136383502,0.11545477126160433,0.9587205296353355,0.9733649694400321,0.9757038261337362,0.9906750662309554,0.9845153453436155,0.9679014260361933,0.9963635893422567,0.988901427486216,0.9917581844978924,0.9878569683467662,0.5783384846579004,0.7862701423257408,4.37069530599779e-05,0.9701787900556695
246,0.005215782393445623,0.0003109696246876618,0.05695648429616128,0.08478490839389013,0.14726814542718503,0.005611541095175274,0.7120007925082983,0.12467308052926483,0.11545539222696284,0.9577407880150592,0.9876384544383023,0.970873786407767,0.9914434347259893,0.9888003907177794,0.9728021873490826,0.996718502626655,0.990004120095771,0.9925658116759112,0.9876788004190459,0.5780447378618434,0.7861201460755145,4.3657841699671745e-05,0.9746663120867733
247,0.005168048730168319,0.00032347975868171977,0.0569510202217905,0.08480785672741079,0.14725040517013926,0.00580343816873323,0.7124318260232403,0.12467660527155189,0.11545615375929855,0.9583680064567013,0.9757483522175454,0.9781553398058253,0.9914757766268427,0.9882583717070579,0.9707714794462217,0.9966209025978698,0.9897035183438986,0.9923437247737562,0.9879638359049245,0.5766908460810792,0.7854262958436659,4.36085708679912e-05,0.9728419091642837
248,0.005285469216386272,0.000305641291112943,0.056956390044386525,0.08479596272477677,0.14734346214971394,0.006387004426106271,0.7127014164109305,0.12467932218560283,0.11545620729345732,0.9592239402736407,0.9804392526074891,0.9732581799505209,0.9911645245363472,0.9800138825309543,0.9670402332528972,0.9965723274683361,0.9895580861919796,0.9922349683985974,0.9878169018997157,0.5762287871729622,0.7851900535971468,4.355914105121948e-05,0.9694526623812423
249,0.005212471204100496,0.00030017961405333463,0.05694886920442853,0.08479340113892457,0.14725491999035673,0.006586759377637676,0.7122698939031887,0.12466618627155383,0.1154523572445379,0.9589751826049132,0.9852936129257271,0.9756942508068531,0.9923955017093135,0.9905181782858876,0.9682850203931892,0.9968088838514682,0.9902744149144099,0.9927683320647837,0.9877014536087364,0.5823066192432694,0.7883015095287091,4.350955273720893e-05,0.9706960685248016
250,0.005209421845915404,0.00030908943226300384,0.05695167027529657,0.08479118864462165,0.14726136941366244,0.006570453078635616,0.7121488308288889,0.12467118198235418,0.11545546911656857,0.9588459381167753,0.9804873039242527,0.9757026684034998,0.9910544218422981,0.9800550984374757,0.9642680705163833,0.9966963064910764,0.9899366719523425,0.9925155648408357,0.987915176671489,0.5777141676200084,0.7859504588019257,4.3459806415376165e-05,0.9669467056489748
251,0.005160310098544306,0.0002964946294656998,0.05697442851767639,0.08479986658290878,0.14723109921025487,0.006109062173823618,0.7120230861525462,0.12473384607486775,0.11545396058631993,0.9583199326856149,0.9827479809720292,0.9757281553398058,0.9901209034276242,0.9880320656777337,0.9677252360403814,0.9953216753022452,0.9857060415271078,0.9894225229556146,0.9874305496107999,0.5802058149160634,0.7872271310229253,4.340990257669732e-05,0.9699648027791057
252,0.005099481084803843,0.0002991566722102734,0.05695012649955527,0.08481868159585666,0.14716744608212012,0.005969488012358315,0.711793493162165,0.12468697925923401,0.11545181046650199,0.957901758851165,0.9780545286431984,0.9830097087378641,0.9908529020858753,0.9798541056227443,0.9686562904117929,0.9963544815054692,0.9888777624726686,0.9917394229359404,0.987350151268846,0.584282570050253,0.7893133960076744,4.3359841713703134e-05,0.9708759515792011
253,0.0052023349555662905,0.0002950151582185778,0.05695127581916942,0.08482582414513117,0.14727444908161855,0.006232823411417749,0.7121208293697378,0.12466862832480761,0.11545226169952766,0.9584745202657472,0.9829252221686737,0.9780618950987838,0.9911098627669391,0.9802126786262769,0.9682412723747612,0.9967201217976395,0.9900071726580477,0.9925685989653202,0.9869693761150128,0.5835261700631046,0.7889277198999628,4.330962432047411e-05,0.970528131413979
254,0.005134332309732783,0.0003044196403551597,0.05695604668071233,0.08479545520705417,0.14719025381488504,0.006417620410573298,0.7124030928537637,0.12467191503455602,0.11545449759753257,0.9589471057289005,0.9805083034477974,0.9781553398058253,0.9908848516856923,0.9874592762311576,0.965633317947266,0.9966483610391482,0.9897936363760468,0.9924082944270693,0.9877382919237726,0.5792917463270902,0.7867583351925318,4.325925089263565e-05,0.9681584713211088
255,0.005166265649499054,0.0003092930267125831,0.05695551133912462,0.08480717392319842,0.1472382443556514,0.005724605352767391,0.7120561657050732,0.12466799961933818,0.11545374175929343,0.9579024957251673,0.985219804300766,0.9707493613167278,0.9905150471703088,0.9879100624540518,0.9716609225946069,0.996737415443293,0.9900619753406303,0.9926086247590812,0.9873912592253262,0.5807857161722435,0.7875239586130149,4.320872192735314e-05,0.9735463350521771
256,0.005062093841288373,0.0002902532434525267,0.05695240010406069,0.08479443488768036,0.14709918177807269,0.005730102682978377,0.7120025994493554,0.12470894133179916,0.11545716726988399,0.9578987891192263,0.9734194854674697,0.9781553398058253,0.9898484602037791,0.9883611354159995,0.9698664251756153,0.9958760389680484,0.9873957088841432,0.9906632014670381,0.9882277069546357,0.5751575551543887,0.7846402063024874,4.315803792332707e-05,0.9718646286784317
257,0.005173083939082882,0.00028626954569022897,0.056979312913714296,0.08481437086557168,0.14725303657623154,0.00579710055200547,0.7121621739679049,0.12466768793028253,0.11545402871280754,0.9580809545022836,0.9804382722393811,0.9732085452457506,0.9906517831751485,0.9797164144378185,0.9708001053114772,0.9967278353483016,0.9900308000237191,0.9925861125016407,0.9879694652858264,0.5794063685716613,0.7868162995719293,4.310719938078811e-05,0.9727852730978443
258,0.005190800499421942,0.00030598865715796453,0.05695727118170323,0.08478796168910871,0.14724202122095334,0.006214026533877912,0.7120541962934898,0.12469159209512058,0.11545146300114807,0.9584112701638375,0.9851387544302559,0.9684466019417476,0.9906383730331374,0.9797669757094118,0.9654826302816566,0.9961901131620612,0.9883830351480226,0.9913703088117105,0.987559872546047,0.5839601411323152,0.7891479933073933,4.3056206801492146e-05,0.9679982045568047
259,0.005151720281709663,0.00030306486509392913,0.0569479413369159,0.08476772407368983,0.14717044947678562,0.006450814268131947,0.7116643101193126,0.12466413091501424,0.11545163986557815,0.9582308818021587,0.972942339640214,0.9854368932038835,0.9905277798385389,0.979617671460635,0.9685992833040743,0.9968365896660911,0.9903585545057147,0.9928308942478041,0.9876056474882801,0.5836689879589759,0.7889987217746373,4.3005060688715344e-05,0.9707921329575208
260,0.005036415605965059,0.00030067748568681846,0.0569448638417869,0.0848076210111148,0.14708957801828731,0.006120986574054382,0.7118656367959136,0.12468934364115018,0.11545162183748935,0.9581275557606949,0.9711764494100974,0.9854368932038835,0.990899066073659,0.9888550382042225,0.967647974748336,0.9962308847869892,0.9884922751889386,0.9914599755912479,0.9881909827935226,0.5831679721693478,0.7887404979445509,4.2953761547249185e-05,0.9699730838808683
261,0.005171953655895174,0.00030830950172222333,0.05694605898440193,0.0847939242768087,0.14722024637800424,0.005671586848293561,0.7115904824844911,0.12467610693194088,0.1154555533023387,0.9573937160363469,0.973460293383015,0.9805825242718447,0.9911191493054544,0.9888451276135692,0.9739143409050299,0.996537155476396,0.9894373696605877,0.9921516168499604,0.9879943787629707,0.5771798766480358,0.7856761676361704,4.29023098833955e-05,0.9756348217450723
262,0.00514323647466966,0.0002963881420425183,0.05695204527498527,0.08478750017775619,0.1471791703620723,0.005914651841079632,0.7119205047923667,0.12467094414283575,0.11545949621328727,0.9579655642336514,0.9712222868754451,0.9829839297850367,0.9907453770281359,0.9796859136272883,0.9714928370456244,0.9967062239133565,0.9899670013860168,0.9925380689662179,0.9882535473670234,0.5712744513705038,0.7826512983131462,4.2850706204961424e-05,0.9734180910438756
263,0.005182959517666713,0.0002906229457012113,0.056947159855940184,0.08481119586145168,0.14723193784451855,0.005505423082588869,0.7116019688739678,0.12466638075873024,0.11545282217234837,0.9572265741120966,0.975727792665627,0.9757132494310556,0.9911150885658,0.9907698520860343,0.9757550397259156,0.9967564631908462,0.9901146372723644,0.9926496345633609,0.9878467410437964,0.5818963929456589,0.7880911670975345,4.279895102125443e-05,0.9772910446099041
264,0.005125129482289052,0.00030201560031101486,0.05696426276021053,0.08481410537108085,0.14720551275836372,0.0061930710633184005,0.7116545512145048,0.1246855541137216,0.11544901534065681,0.9579821670611288,0.9803287109760199,0.970873786407767,0.9913762087004333,0.9804986424778762,0.968423145802374,0.9963124280368448,0.9887372346401364,0.9916425912719276,0.9877843356618822,0.5872753980615716,0.7908432589795525,4.2747044843077306e-05,0.9707184520921799
265,0.005212705688155377,0.0002994996905712884,0.056947024375045854,0.08477489565803134,0.14723412484085005,0.006684262097808364,0.7123706370931834,0.12466903389889959,0.11545340740966364,0.9591773275884322,0.9804381247524938,0.9732010781851139,0.9922579457699596,0.9922223671861945,0.9666695839261827,0.9967805708477258,0.9901885470482735,0.992704381374846,0.9877015055153836,0.5813815798374982,0.7878280843951049,4.269498818272305e-05,0.9692284201105604
266,0.005076698185248698,0.00030206066686563535,0.056948590135790525,0.08480783997325546,0.14713518900574798,0.005921981850436317,0.7118986396591899,0.12468019799556139,0.11545120639041298,0.9579519959929076,0.9779463070132162,0.9733009708737864,0.9913331817223915,0.9912055690780291,0.9716081565011182,0.9963765202216465,0.9889363184122615,0.9917867056630164,0.9882012373217601,0.5835049604669961,0.7889129341339257,4.26427815539699e-05,0.9735806590232455
267,0.005159549639015,0.0003042160493799442,0.05693918974211179,0.0847968278365895,0.14719978322328064,0.00595227787222887,0.7124797983120142,0.1246751661899794,0.11545306208683419,0.9585602811581112,0.9780885714188416,0.9757281553398058,0.9917114064340091,0.9900495034236345,0.9697435795367012,0.99667755109384,0.9898759943304698,0.9924719632146628,0.9877999583154727,0.5810056249122045,0.7876354481903199,4.259042547207621e-05,0.971940362226432
268,0.0050102968907726865,0.0002781397226831146,0.056943792656758904,0.08477434107715293,0.14700657021196395,0.006219130371518703,0.7117069066497325,0.12468719860741512,0.11545179604789135,0.9580650209145225,0.9827974990592632,0.9706741815363265,0.9915523764329471,0.9905675404604055,0.9719082305968183,0.9962773235103627,0.9886330565892925,0.9915638520150684,0.9877621598803029,0.5828980770196867,0.7886038327958568,4.253792045377534e-05,0.9738726451804312
269,0.005069830723377092,0.00027953293097297133,0.05694361945971306,0.08477545500168374,0.14706843859791138,0.0061466612469964705,0.7121986088728038,0.1246693922602451,0.11545252496946043,0.9584671641878514,0.9780344768455014,0.9733009708737864,0.9915071890970885,0.9807078365369531,0.967074943204189,0.996778232045193,0.9901775796113085,0.9926976401329635,0.9879654388734319,0.5819736836583453,0.7881302774920428,4.2485267017270664e-05,0.9695181677934789
270,0.0051260371869092155,0.00029635226778647436,0.05693828069407088,0.08477744033531204,0.14713811102308758,0.006299134974652621,0.7119386678903215,0.12468734541859651,0.11545222925282822,0.9583773677830869,0.9825666705549275,0.970873786407767,0.9912576753800048,0.9898629109900284,0.9689732758907532,0.9962608394502014,0.9885829506410794,0.9915266115641462,0.9880617015809449,0.5817743147444937,0.7880278491715244,4.243246568223032e-05,0.9712017158396784
271,0.00507916990339447,0.0002980532207637252,0.05693955837213314,0.0847986289275897,0.1471154103779422,0.0055192701865972,0.7116624545556895,0.12466684018546435,0.11545318506001809,0.9573017389663143,0.9803119663688279,0.9733009708737864,0.9914488876203115,0.9909956816168861,0.973903413277602,0.9967910504821531,0.9902167949863203,0.9927265859077038,0.9879475415115653,0.5801023366027787,0.787172864375748,4.237951696978217e-05,0.9756579607118729
272,0.005180907830055515,0.0002896394034355416,0.05694276542243562,0.08479984592009393,0.14721315859821793,0.005569531157844426,0.7118088875409854,0.12466444634866221,0.11545252965985185,0.9574953787067394,0.9733516783411479,0.9781553398058253,0.9914701044676659,0.9900442989268528,0.9724989525652992,0.9968152930699481,0.9902918637369288,0.9927819432574815,0.9876268715232733,0.5818282649844774,0.7880569158624459,4.232642140250864e-05,0.9743960677555359
273,0.005008341256200957,0.00028265204164802714,0.05693987878570285,0.0847838345017535,0.14701470686364052,0.006036015430880335,0.7118211424041906,0.12466963643082683,0.11545286040965448,0.9579796457537715,0.9780442898992799,0.9757281553398058,0.9919488508507923,0.990632850730543,0.970270530555557,0.996700309441566,0.9899443935135686,0.992522862122213,0.9880573938615226,0.581822131857152,0.7880525368838722,4.227317950444152e-05,0.9724383625850805
274,0.005066549648275028,0.0002953704282486995,0.056942116391936734,0.08478437065885165,0.14708840615391114,0.005869473530838527,0.7117538879078288,0.1246653583306105,0.11545247270923513,0.9577411684965222,0.9875929040126972,0.9660077706218526,0.9918063497962821,0.9906055890108916,0.9717386529262914,0.9967929844919401,0.9902260013909587,0.9927323199501069,0.9880395049289326,0.5822609759465005,0.7882768213170588,4.221979180105688e-05,0.9737454226132904
275,0.005009181728017146,0.00028718339752193577,0.056956361940642096,0.08476935278798015,0.14702207961848363,0.0064608940837296795,0.7118641642832385,0.12466760682318495,0.11545119181738617,0.9584438180058731,0.9781553055868074,0.9781553398058253,0.9925158691644098,0.990598661757393,0.9694578084667533,0.9967995736183076,0.9902438349090963,0.9927462905273504,0.9878409696718343,0.5842377059846241,0.7892891523680747,4.216625881926978e-05,0.971763614536519
276,0.004996014475204784,0.0003032555049912608,0.056937733037792954,0.084808702344181,0.14704570591140906,0.006378675090834266,0.7119019167410896,0.12466257571247576,0.11545111586392852,0.9583942507215114,0.978101012264868,0.9756746431372442,0.9917962434191273,0.9900671714555865,0.9651755854011634,0.996869647740357,0.9904560165206447,0.9929044262026115,0.9878042443638854,0.584710683712549,0.7895315235280844,4.211258108742913e-05,0.9678376512029598
277,0.0050403253587416414,0.0002863155885411359,0.056963034804157646,0.08480655905245345,0.14709623381881518,0.006341566468149889,0.7120238313032553,0.1246747073037019,0.11545203035513972,0.9584921308132033,0.9828422712316903,0.9732511066746121,0.9919221857856308,0.9811730407674744,0.9655226275427145,0.9966874235391481,0.9899046560033795,0.9924935880921774,0.9878364086006991,0.5828071942776213,0.7885575838485182,4.20587591353125e-05,0.9681625833670061
278,0.005067384959502543,0.000288124206461437,0.056942314893933775,0.08479997855876548,0.1470978028416016,0.005899693663256157,0.711992836196188,0.12468063831329346,0.11545068263968965,0.9580238223693531,0.9758108245635315,0.9805825242718447,0.9925746989441073,0.9912244524331799,0.9724575385883334,0.9964814514968338,0.9892621406862356,0.9920249624971939,0.987949587049608,0.5845716368608422,0.7894598769648126,4.2004793494120806e-05,0.9744692546239109
279,0.005076918046091505,0.0003064186091250089,0.05694514989775697,0.08481308772021161,0.14714157380588314,0.005473805984067175,0.7119775307610863,0.12466411392923464,0.11545484667460536,0.9575702859947719,0.9804414212055271,0.9781553398058253,0.992487298694348,0.9816610472543028,0.9699910323129458,0.9968008104850317,0.9902480132854135,0.9927493602617293,0.9879842849259806,0.5784266450226463,0.786314923428027,4.1950684696473154e-05,0.972240658951086
280,0.004972397691227612,0.0002820755846296568,0.05693805744688128,0.08476159778553896,0.1469541273123242,0.005936809821450031,0.7119761420531593,0.12467080404875809,0.11545283348333342,0.9580365833223174,0.982043520426172,0.970873786407767,0.9920468318009538,0.9907152117628406,0.9740989384203311,0.9966605722869891,0.989827823089602,0.9924346905319412,0.9881848448855238,0.5814544616775279,0.7878642219056912,4.189643327640151e-05,0.9758937277583933
281,0.005065603478584882,0.0002875997662698667,0.05694829971756342,0.08477294584977503,0.1470744480123174,0.005913683142069091,0.7117324346828957,0.12468262947130697,0.11545114108202062,0.9577798874267025,0.9779927280618242,0.9707665903809991,0.9914792347824981,0.9804090738597934,0.9674181324347456,0.9963874946027631,0.9889771878922362,0.9918138474734288,0.9878481464373794,0.5836259574559753,0.7889763531421096,4.184203976934552e-05,0.9698242426695209
282,0.005105448732721991,0.000303657690034166,0.05693206486383868,0.08476819062287017,0.14710936174182696,0.005989094864519148,0.7117720917222413,0.12468447049819126,0.11545314620504725,0.9578987780012616,0.9850419089435115,0.9660194174757282,0.9914774792117509,0.9804904369950421,0.9685052657001794,0.9963302389176746,0.988804257907097,0.9916841904097617,0.988084682758735,0.5805460736863245,0.7873994783720606,4.178750471214712e-05,0.9708024870513365
283,0.0050514080564592785,0.00029690914502647264,0.056928033192540695,0.08478073494441306,0.14705708406749785,0.005654097122231914,0.7115334754904318,0.12467959434411686,0.11545215623327797,0.9573192917621197,0.9852571739279959,0.9732467371399287,0.992856940138146,0.99085710357465,0.9695686770282776,0.9964029666810591,0.9890282191744812,0.9918486404740061,0.9884196980396508,0.5818490280183296,0.7880653092792899,4.17328286430453e-05,0.9718975033392645
284,0.0050839362922727735,0.00030190058834271734,0.05693582179015164,0.08477076103939757,0.1470924187355091,0.005641099375146659,0.7118070141886184,0.12466851776282405,0.11545266024768353,0.9575692640685047,0.978206919309425,0.9805222659154595,0.9919826458163714,0.9809177131932528,0.967696957472745,0.9966712768062751,0.9898396078566206,0.9924525061246261,0.9881334529373431,0.5819095997820921,0.7880972454767485,4.1678012101670804e-05,0.9701255263071077
285,0.004946108698227245,0.0002925736311379183,0.056945866427427744,0.0847653067656286,0.14694985608362782,0.006425254307880302,0.7120086428785571,0.12466671283072141,0.1154498291235668,0.9585504176703141,0.9756917583937182,0.9830097087378641,0.9921702656292204,0.9900360784562874,0.9684519687121667,0.9967800536125505,0.9901840507973944,0.9927020239690835,0.9879018779669428,0.5859360638637183,0.7901579825839877,4.1623055629040766e-05,0.9708237984038721
286,0.004987604892933307,0.00028221689290101664,0.05692600414465746,0.08479787524152604,0.1469937010132587,0.005631465880981999,0.7115937801222728,0.12467037650896477,0.11545159724671297,0.9573472021774925,0.9803430041325424,0.968397660458004,0.9908008185217397,0.986780928616092,0.9689865639967472,0.996705639212723,0.9899634541847784,0.9925361248312135,0.987980452829602,0.5829735928521738,0.7886421646603482,4.1567959767553366e-05,0.9711679894492465
287,0.005041717865306477,0.00028857714308358224,0.056924071085730985,0.08478660448188918,0.14704096981280826,0.005971910931903462,0.7120195845371701,0.12466574124412833,0.11545290235294887,0.9581101280419938,0.9876837148424438,0.9732200153121493,0.9916109647062432,0.9896567283054166,0.9699253154048417,0.996804993343408,0.9902606719000517,0.9927588243112369,0.9881784319691512,0.5812299083266049,0.7877491924512322,4.151272506098253e-05,0.9720938803349819
288,0.005047588425596763,0.00028341819479135033,0.05693293860848086,0.08478548846791445,0.14704943235982884,0.005911499255679432,0.7117021942138672,0.1246735834241531,0.1154486937110597,0.9577359523180236,0.9877148399483011,0.9757163022996019,0.9920218978542795,0.9906418930837014,0.9692938336519692,0.9965888789939551,0.9895998100253317,0.9922695879048841,0.9878923291321632,0.5870208193474323,0.7907131892716522,4.1457352054472515e-05,0.9715666400722003
289,0.0049918279252521725,0.0002826723664844592,0.056932012748378544,0.08481672676907456,0.14702323990164642,0.006006207466125488,0.7121909059514653,0.1246758467792847,0.1154505898741706,0.9583235324355605,0.9853403131920565,0.9805825242718447,0.9918151858233185,0.9810060764087671,0.967101757820602,0.9964731082685665,0.9892361802506404,0.9920062048404225,0.9883019946719238,0.5843844688902952,0.7893629557412571,4.1401841294532525e-05,0.9695731006208737
290,0.0049643074323476285,0.0002896225105951796,0.05693389539042285,0.08478474710619202,0.1469725727108476,0.005947995363430655,0.7113983403339285,0.12466723282720141,0.11545047237311003,0.9574640275900845,0.9758797243147462,0.9830097087378641,0.9917266348093624,0.9902426432390766,0.9695241066780224,0.9967108115644792,0.9899622109490948,0.9925428397096132,0.9882386818044215,0.5847252207979986,0.789537648577203,4.1346193329031366e-05,0.9717443594911563
291,0.004992154286933068,0.0002858840350853039,0.0569340052382316,0.0848171837878814,0.14702922800661986,0.0064232778271245215,0.7120769196347252,0.12466547383391177,0.11545347124145129,0.9586191266929548,0.9757610621536408,0.9805825242718447,0.9918622534593632,0.9810082074353785,0.9667506856119518,0.996786125503742,0.9902083197410325,0.9927179761989289,0.9881854946846471,0.5803150800794291,0.787280771316611,4.129040870719198e-05,0.969261842396693
292,0.0049976055795046955,0.00029507337582003267,0.05692858721848597,0.0847970509293629,0.14701831757713477,0.0055399612873947065,0.7115043387141251,0.1246732533981763,0.11545270842553111,0.9571702335164954,0.968824912149412,0.9805816206838712,0.9900311625032278,0.9875635731411956,0.9686303462070066,0.9966120421344272,0.9896813689558636,0.9923254396702469,0.988316442781365,0.5819771717724394,0.7881310142044379,4.123448797958606e-05,0.9707704278366287
293,0.004973647044730311,0.000284154550920342,0.056928070580557835,0.08478087379351026,0.14696674627961273,0.006121929803660497,0.711408413111237,0.12466650676233162,0.11544859219207355,0.9576454317013834,0.9757174708435044,0.9781553398058253,0.9912389926338956,0.990017558840672,0.9716940671950771,0.9967396867803685,0.9900636105782079,0.9926116674621903,0.9879879600946357,0.5873125814162015,0.7908618683025913,4.1178431698128624e-05,0.973648559738959
294,0.004921926550296924,0.0002945361414760196,0.05693548045318979,0.08477137998769475,0.14692332414147768,0.005634058066909177,0.7114650259857969,0.12466684026267244,0.11545163810909412,0.957217563001603,0.9851819613786346,0.970873786407767,0.9916538138079458,0.9894492073810164,0.9714180806332173,0.9967542593192285,0.9901073412052425,0.9926444779114773,0.9881673385938002,0.5827156858976649,0.7885093197456415,4.112224041607253e-05,0.9734416539506902
295,0.004970304700377074,0.0002930799899671054,0.05692907436292406,0.0847729525813553,0.1469654113517524,0.006142559805064621,0.7123671920064819,0.12467887650190858,0.11545361666288709,0.9586422282797067,0.9852214755489416,0.9708605277153947,0.9917852935880139,0.990106394463163,0.9688884268325889,0.9964702972078294,0.9892437450677706,0.992003562415207,0.9883111143413481,0.5797089470202337,0.7869702442232308,4.106591468800306e-05,0.9711781135081314
296,0.004923689013318079,0.00028789328025181064,0.05692204925680407,0.08476985860712478,0.14690348984663967,0.00575679281214976,0.7116619588426977,0.1246759493888351,0.11545236225341268,0.9575470426539683,0.9793010586796209,0.9757281553398058,0.9915717487383943,0.9891186986954288,0.9720831620984602,0.9964747724165227,0.9892477358859997,0.9920112431908159,0.9883929915565601,0.5811328562105225,0.7876988472436103,4.100945506983239e-05,0.9740320207624537
297,0.005037074990840775,0.00028854977561479405,0.05692838636164221,0.08479218769316692,0.1470461986534336,0.005961111252789671,0.7118379911116367,0.12466575413787921,0.11545341498570738,0.9579182467930057,0.9828293819390296,0.9757281553398058,0.992251431421839,0.990858948375158,0.9700641714987575,0.9967826622769144,0.990189802070937,0.9927072936216922,0.9879007777181421,0.5802130561656835,0.7872294720660993,4.095286211879418e-05,0.9722828974910657
298,0.004960064579168132,0.00027229123251811834,0.056929082682095664,0.08474823087453842,0.1469096691188417,0.005585524609669504,0.7114307719808785,0.12467393306098454,0.1154514332181277,0.9571416563320654,0.97361864214391,0.9853426941721857,0.9927882204573968,0.9913104981500717,0.9735246591986245,0.9965240222006332,0.989399444254034,0.9921227671377966,0.9881934010596976,0.5828788973177067,0.7885928642101724,4.089613639343798e-05,0.9754510153245017
299,0.004948828226544081,0.00029747162651212717,0.05692305715050104,0.08475151091543813,0.14692086838378807,0.006418538970650786,0.7115534427623056,0.12468876153076251,0.11544998796955909,0.9581107145146385,0.9876540986435037,0.9708561262379118,0.9915393762222268,0.9905112400921987,0.9661743312916233,0.9962293780584341,0.9884969892811893,0.9914575663047286,0.9881428076809937,0.5855741228920656,0.7899720305803252,4.083927845362383e-05,0.9687108357846838
300,0.004918982646008228,0.0002847190430011466,0.056926796724295986,0.08477240135420326,0.14690289982242288,0.006177367626694198,0.7120077558132033,0.12468110380086256,0.1154516840286051,0.958317908289519,0.9828373754339421,0.9733009708737864,0.9915105068036277,0.9905703345011847,0.9677530098231362,0.9963462732081173,0.9888528661638434,0.9917204905210606,0.9880178529869234,0.58323366520451,0.7887748521608792,4.078228886051663e-05,0.9701287595211854
301,0.005014896618269883,0.0002881475719454374,0.05692010913333745,0.08480775367391387,0.1470309073597656,0.006069963348961865,0.7114140489805546,0.12466660288640255,0.11545447777435569,0.9576050685477381,0.9876374467673024,0.9733009708737864,0.9919531930289388,0.9884830187357513,0.9677488108867245,0.9966966663068508,0.9899205004627929,0.9925109703415779,0.9884140615099094,0.5786463473015342,0.7864258405554235,4.072516817658065e-05,0.9701692491009459
302,0.004982660659854277,0.00029229054333632483,0.056920435376117885,0.08478956660400555,0.14698495295072467,0.005963797711337785,0.7116954000996802,0.12467072552813149,0.11545047432261428,0.957780386190958,0.9828844872341647,0.9756935345837477,0.9921476320976047,0.9905894135890827,0.967277228845283,0.9966466744027058,0.9897798944254892,0.9924017016564891,0.9878189135298955,0.5850344315213276,0.7896967159327162,4.066791696557398e-05,0.9697642691705153
303,0.004923436079618228,0.00028343978584044336,0.05691485398405574,0.08478234106568629,0.14690406991101299,0.005903106094024343,0.7114215127421166,0.12467747563834017,0.11544858320698219,0.9574506529872282,0.9829263553532941,0.9781277840478144,0.9919149084890432,0.9904480428627375,0.9723990148546543,0.9964493604274612,0.9891725873774113,0.991954130168287,0.9879142941430931,0.588059441413525,0.7912438458694603,4.061053579254296e-05,0.9743506042180932
304,0.004933093483583916,0.00027883267020468875,0.05693252328686763,0.08477871070273336,0.14692315953383173,0.005843603944531377,0.7112596853780004,0.12467763758230703,0.11545271811514629,0.9572336544026983,0.990038339977093,0.9733009708737864,0.992513934501471,0.991634245099446,0.970838700211454,0.9964408597797928,0.9891439755818429,0.9919349085593354,0.9884414603284754,0.5807348798241955,0.7874947372243323,4.0553025223816616e-05,0.9730062236404557
305,0.004906187727661331,0.00028254942215708863,0.05692416178593364,0.08478321261954894,0.14689611091514942,0.005988412138093939,0.7114470498673039,0.12467180281259853,0.11545386897892224,0.9575611173797766,0.9852791617726028,0.9747234981032882,0.9915325017391362,0.9884849436803724,0.9723129357726595,0.9966706246401843,0.9898548137219535,0.9924562240595441,0.9888287555861074,0.5782367936443732,0.7862148120055105,4.049538582700102e-05,0.9742348923693073
306,0.005017618904459661,0.0003131660416606485,0.05692112607968286,0.0847796834715753,0.14703159489779893,0.006019486432866113,0.711851679352281,0.12466952536699068,0.11545351280835627,0.9579941861987732,0.987611549225313,0.970873786407767,0.9919053364417072,0.9808676607513582,0.9714661170988345,0.9966889302677029,0.9899065009867668,0.9924963532633203,0.9885421185283111,0.5796733324822971,0.7869512886815385,4.043761817097377e-05,0.9735100390331217
307,0.0049949300906818785,0.000283472804265782,0.05692060928733855,0.08476127379144412,0.14696028519788554,0.005960801320990134,0.7118511982655898,0.12467755060739467,0.11544977891900687,0.9579393005124028,0.9900835949154314,0.9733009708737864,0.9921595597251746,0.9898754381231393,0.9705603815584997,0.9965160162996547,0.989383867521869,0.9921067499913404,0.9880918586286981,0.5855434466694355,0.7899564219851676,4.0379722825878295e-05,0.9727202993751671
308,0.004980377687691407,0.0002844787589781024,0.05691313066090327,0.08477095264092165,0.14694894070452358,0.005587333097976724,0.7115492003445797,0.12467618966040833,0.11545035650307033,0.9572630629638316,0.9804237249281454,0.9757281553398058,0.9920776274461749,0.9897419660421667,0.9726813590541535,0.9964662492803684,0.9892259168828275,0.9919930724253425,0.988097737595994,0.5843683039184578,0.78935514767385,4.0321700363118285e-05,0.9746209858933557
309,0.0048746830595589674,0.00026719693277861176,0.05692938055090336,0.08476030483475158,0.14683156495267247,0.005856014700133565,0.711755482174572,0.12467391441523103,0.11545123104874642,0.9577366166164221,0.9852222733920737,0.9733009708737864,0.9919538577043623,0.9902090319374185,0.9720017899981623,0.9966150780800228,0.9896891528895879,0.9923319091941359,0.9884227460998855,0.5828586674883981,0.7885815526131008,4.0263551355352024e-05,0.9739969967687823
310,0.0049293273903545315,0.0002829813448606068,0.05692005840762292,0.08477128416280517,0.14690365136596206,0.006183352149212298,0.7114828843032759,0.12466627243578125,0.11545224290900898,0.9577847234325706,0.9852900449366657,0.9754545720076652,0.9923640859482628,0.9813242643624265,0.9691034633838523,0.9967933443077144,0.9902293293674653,0.9927341178692835,0.9882324784137445,0.5826869336091482,0.7884942741801041,4.020527637648674e-05,0.9714295256402934
311,0.004930978346365104,0.0002837284554008376,0.05692039017078172,0.08478965836099392,0.14692475588828172,0.005843237088751916,0.7115463339850074,0.12467354115272433,0.11545076196135017,0.9575138641762609,0.985174472739908,0.9733009708737864,0.9923921908093704,0.9903482169547023,0.9733318076570084,0.9966101081246401,0.9896720219403432,0.9923199877904637,0.9884108340793545,0.5837385528003142,0.7890316864214955,4.014687600167294e-05,0.9752378459722446
312,0.0048927552002081594,0.0002678884981788811,0.05692036401654155,0.08480113119350197,0.14688213825843494,0.005698798901058848,0.7114736472016171,0.12466170499825106,0.11545463016382153,0.9572887744928271,0.9780629116061099,0.9757281553398058,0.9918137949283018,0.9899042551449104,0.9739950723341193,0.996836747085492,0.9903598451371053,0.9928315979891914,0.9882823605945558,0.5782000611904846,0.786197827130348,4.008835080729876e-05,0.9757769445935376
313,0.004904704557181642,0.00028204725958754363,0.05691524921226378,0.0847985860336707,0.14690058697690617,0.005704680313718134,0.7116213400252743,0.12468431415181086,0.11545322827724595,0.9574635371643027,0.9827150065426788,0.9659602532985838,0.9913667526734246,0.990458157985975,0.973159300679096,0.9962610868235465,0.988595495691542,0.99152941051525,0.9883798658298174,0.5806741137100336,0.787463810452935,4.002970137098423e-05,0.9749800458785288
314,0.004901606956294165,0.0002843346136955091,0.056920638780828585,0.08476054885574265,0.14686712931474874,0.00568853285955024,0.7116102639628199,0.12468022073334363,0.1154506609442166,0.9574296622696318,0.9826710643516668,0.970873786407767,0.9913232429436611,0.9876923641598152,0.9728104490508978,0.9963776221574554,0.988943670184975,0.991791012215463,0.9884962073899862,0.5842646780311203,0.7893008775771955,3.997092827157562e-05,0.9746617284401742
315,0.004883096452821722,0.0002778833929854662,0.05692041368064485,0.08477918684984427,0.1468605800613838,0.00571859261841354,0.7116200094272436,0.12467194510710672,0.11545045324480595,0.9574609797235598,0.9900879042779394,0.970873786407767,0.992251603483287,0.9815026952676317,0.9732355978155797,0.996578354382556,0.9895681830442082,0.9922463240108514,0.9883977839842716,0.5840657201894199,0.7891993486029486,3.991203208913968e-05,0.9751371983823505
316,0.004869883678120035,0.00027905356843468433,0.05692265225197985,0.08475536605526592,0.14682695501208923,0.006256297582789406,0.7118094635009766,0.12468931874154145,0.11545268402777496,0.9582077474791769,0.9852759630045488,0.9757281553398058,0.9927602463476897,0.9821172143885232,0.9650688333243451,0.9961905179548072,0.988380250886646,0.9913718022992969,0.9886025399786791,0.5810460478793786,0.7876534896465219,3.985301340495797e-05,0.9678379746266796
317,0.00484057448379734,0.00027855604993169794,0.05691412664525249,0.08479060832932206,0.1468238648355316,0.005824807548770014,0.7119737907765442,0.1246809181926164,0.1154496028363087,0.9579291022503315,0.9782078098117264,0.9805631300766233,0.9921263724706529,0.9812689973345073,0.9691927656241195,0.9963359734815772,0.9888145602623515,0.9916973483633374,0.9880943510774257,0.5855929717998374,0.7899815452638326,3.979387280152106e-05,0.9714861263087728
318,0.004882810680977419,0.0002679485685814537,0.05691931026123966,0.08476348229987943,0.1468335519028451,0.0056706035137176515,0.711853245947645,0.1246883465758877,0.11544958344742733,0.9576617686242019,0.990080366067024,0.9733009708737864,0.9922898900869307,0.9815425785814161,0.9696211204080545,0.9962144457037997,0.9884502223474015,0.991425046321661,0.988616132824015,0.5859104859886067,0.7901424596197912,3.973461086252283e-05,0.9718879973759421
319,0.004862096918061608,0.0002697404430590453,0.05691668711641292,0.08477119993843099,0.14681972370246532,0.006091352849426664,0.7118559217700068,0.12466971471982917,0.11545453691575194,0.9580715150413118,0.9876482666166447,0.9733009708737864,0.9919726333893649,0.9811502013801299,0.9660916992539811,0.9966845899899252,0.9898975506616258,0.9924878475611324,0.9886677661622307,0.5784401307886616,0.7863195084587752,3.9675228172854704e-05,0.9686797926675195
320,0.004867666243271504,0.0002737993172760763,0.05692628035659617,0.08476156770816276,0.14682931302433805,0.005849149010959687,0.7114934156348667,0.12466745993479546,0.11545480827323204,0.9574648046122931,0.9828835740840859,0.9756406985296777,0.9918972970996658,0.9914152222524354,0.9707402034198627,0.9967467931419115,0.990087532432823,0.992628776579064,0.9886855222314993,0.5780376945184084,0.7861134374885459,3.961572531859986e-05,0.9728559127878431
321,0.004900736975546329,0.0002706883023517121,0.05691513509870811,0.08480283924875481,0.14688940021967023,0.00591347887108363,0.7115424702698703,0.12467227015316178,0.11545556992137988,0.9575837896895533,0.9852939628365397,0.9757177559807562,0.9922664681447474,0.9917174095304169,0.96971528598338,0.9965582946531377,0.9895056652213986,0.992200758512181,0.9886809919524356,0.5759116508677404,0.7850250972093513,3.955610288702742e-05,0.9719704041995167
322,0.004896653149412085,0.00026504504634308697,0.056904723723008845,0.08478825731888182,0.14685468043688046,0.006259239473491135,0.7119042407416311,0.12466905474508365,0.11545119045659359,0.9582837115915328,0.9876835813745759,0.973209361855104,0.991885043517388,0.9915595672252127,0.9697978627842456,0.9966739979130685,0.9898673043442686,0.9924645540577227,0.988066125662365,0.5830302690603377,0.7886705676199421,3.949636146658675e-05,0.97200658085756
323,0.004831620099630999,0.0002662740257891967,0.056911527126101015,0.08477928131876677,0.14678870288201565,0.005738779908634838,0.7115200619870518,0.12467152609880724,0.11545088976969065,0.9573812416798092,0.9851844784212951,0.9683998217201908,0.9913925214646715,0.9913569428809064,0.9745056730622645,0.9966562320092113,0.9898123035474227,0.9924240844340833,0.988677356851266,0.5835080776603442,0.7889131545066456,3.943650164690152e-05,0.9761943579025052
324,0.0048330395147590435,0.00027304949769701986,0.056910209917497144,0.08475372011392074,0.14677001806120799,0.006002427605149659,0.7119334423480256,0.124676783892466,0.11545232947857886,0.958064952044907,0.9828420736616029,0.9732397309123234,0.991724778311821,0.9898999913118709,0.9692337313534838,0.9965029280008636,0.9893444212133874,0.9920777070523109,0.9886080477910224,0.5808479958324991,0.7875521611031489,3.9376524018764e-05,0.9714828360493175
325,0.004825508958935119,0.0002680398935905701,0.056914991317944204,0.0847682590244116,0.14677679832117546,0.005806112832973659,0.7115726613257215,0.12466494820124127,0.11545350681507835,0.9574972057589595,0.9875608616647782,0.970873786407767,0.991862642030344,0.9910150816458423,0.9718733120632586,0.9968036665227404,0.9902600017534693,0.9927571183281846,0.9887549419872266,0.5785650213725507,0.7863832639952171,3.931642917412916e-05,0.9738722450599672
326,0.004812664022099787,0.00027273972253339285,0.056909582485961174,0.08478336233568469,0.14677834850518814,0.005864344958814314,0.7119362672005293,0.12467497216605151,0.1154505385597444,0.9579261019439895,0.9733553329376387,0.9757281553398058,0.9910626904443123,0.9877699085206343,0.9708763879830926,0.996538482297064,0.9894539191062677,0.992158345935729,0.9884768684275557,0.5840519868091935,0.7891922879842331,3.925621770610885e-05,0.9728950182292145
327,0.004833711036746365,0.0002809433366891015,0.056916324064676005,0.08476196878970904,0.1467929460841757,0.00615924434649512,0.7117798622408062,0.12466823498819776,0.11545108686264006,0.9580584106667672,0.9828845558233329,0.9756975032424452,0.9915326655417646,0.990478463271621,0.9694051237763611,0.996672221322683,0.9898646664065518,0.9924615747926419,0.9880311355587169,0.5839327672432838,0.7891324823162719,3.9195890208965963e-05,0.9716178779529014
328,0.004856578757108184,0.0002739496946991109,0.05691117959319001,0.08476621696213985,0.14680792499391526,0.006076676521276564,0.7115146858333923,0.12466303062253666,0.11545451762338067,0.957708894897619,0.9852088654114145,0.9733009708737864,0.991544996001629,0.989845097656346,0.9733393207974922,0.9967867326928614,0.9902077533305748,0.9927184728730828,0.9888889267166293,0.5783845502575198,0.7862904196031248,3.9135447278108537e-05,0.9751598883179059
329,0.004789359884558565,0.0002654485930471532,0.05690837479703167,0.08474834099257549,0.1467115242092103,0.00548824592575508,0.7117218163841127,0.12466183887707755,0.1154526603055896,0.9573245514859807,0.9734887364051387,0.9803838927111368,0.9910749441342415,0.9890452076314402,0.9734280359052736,0.9968187338082901,0.9903052064128226,0.9927908842119885,0.9883615709704016,0.581116820287884,0.7876904764487297,3.90748895100839e-05,0.9751927267281704
330,0.004903521614988851,0.00030159082582191467,0.056917956842042004,0.08477406149218583,0.14689713037075774,0.0059990274257610485,0.7113840516243575,0.12467674660095897,0.11545071526010728,0.957510519830674,0.9804571331516237,0.9805825242718447,0.9913839846603938,0.9904608853088434,0.9720875936418103,0.9964342481649394,0.9891262924637725,0.991920632450032,0.9885416152420242,0.5833039657241623,0.7888090731717201,3.9014217502572765e-05,0.9740172327436687
331,0.004812281165715943,0.0002777087551401687,0.05691118140758011,0.08476842047135139,0.14676959102326725,0.005846591786399407,0.7114564134666956,0.12467021282781592,0.11545289255717257,0.9574261045208867,0.9852743651897867,0.9781553398058253,0.9919771019100755,0.9913461951744424,0.9708323243065535,0.9966747400331031,0.9898664961511999,0.9924652661661756,0.9884495537970966,0.580434482034554,0.7873409310649,3.8953431854383354e-05,0.9729468020669058
332,0.00482569557706309,0.0002658064733862567,0.05690934819801484,0.0847715979123517,0.14677244934393335,0.0056051691455544575,0.7116519319208177,0.12467033578169778,0.11545225642042456,0.9573796694142831,0.9853658093971683,0.9805795217682687,0.9920487713352882,0.9910732114408479,0.974610721807929,0.9966598976324121,0.9898217622594953,0.9924321021423058,0.988862925947644,0.5806257833433648,0.7874377740265298,3.889253316544549e-05,0.9763545267606648
333,0.004895411254210794,0.00027659272186342313,0.056916599137795405,0.08477757764024747,0.14686618135383092,0.005754264599301037,0.7112608574585593,0.12469752063405329,0.11545074679961168,0.9571633780558493,0.9852140149336065,0.970873786407767,0.9916733415177228,0.9809142735252702,0.9730598070891696,0.996078975064767,0.9880284633238893,0.9911191849959741,0.9886981799615218,0.5829040039824828,0.7886039654130054,3.883152203680462e-05,0.9749211605320249
334,0.004862741509867457,0.00026536842933590546,0.05690663607086542,0.08477040991148492,0.14680515584859205,0.005818252758040948,0.7114046438740942,0.12468843397544456,0.1154520524366532,0.9573633701690121,0.9780892299937538,0.9757281553398058,0.9908781837019123,0.9901123599972957,0.9697157941813934,0.996183299150835,0.9883550224134324,0.9913544703867238,0.988405882041321,0.5822565601847562,0.7882735836383337,3.877039907061597e-05,0.9718320331334453
335,0.004822830289139031,0.0002772708976438626,0.05691984108615416,0.08474100444832613,0.14676094641957257,0.00598625581190376,0.7110496627728555,0.12468870096101663,0.1154523697136443,0.957176973165008,0.9735711298770164,0.9854368932038835,0.9919424659120046,0.991216496585773,0.9740459981394286,0.996257308757916,0.9885670062953821,0.9915199123028174,0.9888718922320847,0.5817045113488456,0.7879897081534729,3.870916487013854e-05,0.9758356449166862
336,0.00480547206389472,0.0002788578400899863,0.05692216854330172,0.08477309408448057,0.14677959225029524,0.006039910974280205,0.7112060349222294,0.1246794784161711,0.1154544769154157,0.9573798642874999,0.9780835264449849,0.9757281553398058,0.9912134727317519,0.9901363485946315,0.9690266148643903,0.9964043609671851,0.9890326956259468,0.9918522307451997,0.9885684092224089,0.578595008513354,0.7863990677453866,3.864782003972917e-05,0.9712453006511266
337,0.0047850694310479815,0.00027055421052741885,0.056913687234715474,0.08478108308533776,0.14675039408120466,0.005893986120125175,0.7112473297119141,0.12467014519352987,0.1154533653409061,0.9572648236170952,0.982715820844145,0.9684466019417476,0.9916552803762468,0.9891153574347407,0.9715266894461683,0.9966853321099598,0.989904114777761,0.9924911143689855,0.9885434420821576,0.5794092025658873,0.7868158897718206,3.858636518483656e-05,0.9735395485391761
338,0.0048224642116171095,0.00026563970651960115,0.056908235436430865,0.08477749096934196,0.1467738312915199,0.005617119660649276,0.7111122890334057,0.12467511596611744,0.11545167237018365,0.9568561883788035,0.9850972236540384,0.9635922330097088,0.990706422225829,0.9896551781609595,0.9737266620877307,0.9965554611039149,0.9895147117382742,0.9921996526674414,0.9884459833881185,0.582448506385232,0.7883715747772533,3.852480091199533e-05,0.9754246381015406
339,0.004771174791563361,0.00026797735310820736,0.05690424617167582,0.08475257150848141,0.1466959696359585,0.005679507437765289,0.7112596691704786,0.12467546826662795,0.1154509329772675,0.9570655526274844,0.9826531406270798,0.9684466019417476,0.9901213306281054,0.9890521101003505,0.9690565327530006,0.9965414282887162,0.9894599797172348,0.9921637639727557,0.988696033499425,0.5829941488373842,0.7886498439310992,3.846312782881998e-05,0.9711630125405111
340,0.004845747921442122,0.00026812564736048783,0.056905587449901464,0.08476077067458258,0.14678023114723246,0.00559320309928044,0.7113304323977142,0.12467221406148506,0.11544896266543804,0.9570447848868494,0.9803738395512663,0.9757281553398058,0.9912043380993275,0.9904611343461749,0.9727136070350981,0.9965686393566493,0.9895360945826384,0.9922238520936025,0.988297749450372,0.5861191662531106,0.7902500912979811,3.840134654399896e-05,0.974562680141521
341,0.004780624746658641,0.0002504332281571905,0.056903426472696,0.08475771932886826,0.14669220388862136,0.005811906568126975,0.7113116008383006,0.12467696772492612,0.11545285273710063,0.9572533091115211,0.9852257474784714,0.9781553398058253,0.9913347633651058,0.9887292058305412,0.9697415526798201,0.9965495241436384,0.9894935692250952,0.9921851294984815,0.9881719801040273,0.5800678597883543,0.7871543400325368,3.8339457667288595e-05,0.9719008737483487
342,0.004803220393435325,0.00025671727694764044,0.05690568895923659,0.08476920920506197,0.14673483557034034,0.0060704300378888396,0.7119603428815932,0.12466861442735158,0.11545297810373528,0.9581523364689684,0.9829159153073574,0.9781553398058253,0.991626139517624,0.9806854177519527,0.9667717550474265,0.9966780008635577,0.9898833748548148,0.99247509044287,0.9886399123805306,0.579892961918472,0.7870630851678471,3.8277461809507125e-05,0.9692571934944463
343,0.004831706717841985,0.00030090556330399803,0.05689696471539804,0.08477383942724509,0.14680341611872066,0.005601931970971854,0.7113128816278487,0.12466208910849427,0.11545477801731213,0.957031665997184,0.9710140817368884,0.9757139408447942,0.9904574155653242,0.9889012284371863,0.9720083397248453,0.996811087723086,0.990285469298185,0.9927749574535858,0.9886231720763239,0.5778165475702435,0.7860003967496961,3.821535958252863e-05,0.9738532473088933
344,0.004819791564051969,0.00028198133546067654,0.05691230881939898,0.08475800324713936,0.14677208546220946,0.005317883859026616,0.7111901029280432,0.12466496939486173,0.11545112902790772,0.9566240780094127,0.9802459421852552,0.9781553398058253,0.9907692643740553,0.990107870820124,0.9735145006960645,0.996794086427749,0.9902324192650315,0.9927360064653867,0.9886719283277062,0.5829631943300636,0.7886342770700097,3.815315159927703e-05,0.9752399770638636
345,0.004755854995757186,0.00027074297455771597,0.056899006695636196,0.08477857911119653,0.14670418411338884,0.005734891950157639,0.7115760091672906,0.12468138518574325,0.11545308773922179,0.9574453694832757,0.9805816328192679,0.9805367258957153,0.9920371504861567,0.9910347845606533,0.9687336749488727,0.9963172855497989,0.9887581107400591,0.9916555093188019,0.988452695298177,0.5801506165071296,0.787195622859055,3.809083847371999e-05,0.9710640225026012
346,0.004810346420564798,0.00026184185490089385,0.056900590156335286,0.08475436959801715,0.14672714826974226,0.0060723113921022165,0.7113376269562872,0.12468168564102193,0.11544791824266391,0.9575395386453738,0.9804727100937105,0.9781553398058253,0.9908716313346265,0.9902049157796481,0.9681045406191245,0.996347914867588,0.9888447544877588,0.9917227139516397,0.9881728433975504,0.5876697096983722,0.7910436046399386,3.80284208208629e-05,0.9703812496906747
347,0.004783886037959952,0.00027309116149813403,0.05689927485863162,0.08478739153632382,0.14674364316031105,0.005773183607684517,0.7119640263374605,0.1246847967409717,0.11545371483297237,0.9578757066800805,0.9805577836517978,0.9830097087378641,0.9918672282894785,0.9903161336198502,0.9709186873043878,0.9962322565846287,0.9884972704096359,0.9914626187590831,0.9888072102264109,0.5787805101819999,0.7864929956319892,3.7965899256742814e-05,0.9730135414028969
348,0.004792560005435056,0.0002680350514852629,0.05691754040091149,0.08473359461429823,0.14671173120409714,0.005675569037699329,0.7114985696268823,0.12468565548794257,0.11545101681560123,0.9573107911515112,0.9829518505752685,0.9805825242718447,0.9911290159608005,0.9880767886026035,0.9720354423503448,0.9963040173431204,0.9887167372371808,0.9916257167126306,0.9887287407616833,0.5839502316637775,0.7891393321662343,3.790327439842231e-05,0.9739447997113904
349,0.004807313597264067,0.00026546051165986565,0.05690693662265422,0.0847505862568867,0.14673029758769612,0.005322381674934545,0.7112901401025643,0.12466375031773907,0.11545101939242121,0.9567272629144896,0.980600194546387,0.9830097087378641,0.9920199643943537,0.9900894258167223,0.9745247489715361,0.9968161026554405,0.9902980931439296,0.992785293072186,0.9886328131835005,0.5825295229065641,0.7884128071830712,3.784054686398348e-05,0.9762742705138179
350,0.004773377328339019,0.0002762068488630297,0.05689892035769058,0.084785438248878,0.14673394273599813,0.005906101122421305,0.7111417199169415,0.12466129486888183,0.11544929433208673,0.9571583867073059,0.9826974443147796,0.9684466019417476,0.9905136046978678,0.987239852460701,0.9674181737460733,0.9968125719631546,0.9902889546681585,0.9927778815335581,0.9884095556069462,0.5860082400469929,0.7901933823343876,3.777771727252174e-05,0.9697277168412528
351,0.004725192751291501,0.00026045058279689095,0.056905829690280976,0.08473835125990173,0.14662982361304328,0.005578270464981158,0.7112502340208061,0.12466632022758839,0.11545135449482986,0.956946156494358,0.9805346835873668,0.9781248577995088,0.9908832774881025,0.9885570419744194,0.9714899409135558,0.9967222357153139,0.9900141065326965,0.9925735902765526,0.9886013903267157,0.5831080667151326,0.7887086654732645,3.771478624413981e-05,0.9734292745710105
352,0.0047152768407460926,0.00026772834804546025,0.05690016746134956,0.08472767919108966,0.14661085258184936,0.005756698556514601,0.7113905294942114,0.12466075780941414,0.11545100179862791,0.9572589792735836,0.9828520508194222,0.9781553398058253,0.9908293674195017,0.9799173057291567,0.9706448242122031,0.9968371293897522,0.990362983464333,0.992833159633193,0.9885237535846796,0.5826285800626881,0.7884636069957658,3.765175439994152e-05,0.972663278532933
353,0.004774524066114672,0.00026160097164656823,0.056900909392481644,0.08477451879569749,0.14671155269899516,0.005276901088848015,0.7118075079250832,0.12468156469455037,0.11545076159461175,0.9572167337867262,0.9780472492788668,0.9732317237252356,0.9897191792891806,0.9786442136802161,0.9695753134318217,0.996276986183074,0.9886434276289782,0.9915655709411971,0.9887053080809487,0.582861670164454,0.7885823349370826,3.758862236202573e-05,0.9715897000175575
354,0.004694096334857645,0.0002632351464789767,0.05690049466923111,0.08474816058622432,0.14660598661924273,0.006376269438106162,0.7115492058788556,0.12466418503788469,0.11544810859920757,0.9580377587382658,0.9805595679093954,0.9805825242718447,0.990890722004936,0.9908551434211709,0.9703669206406836,0.9967628049438688,0.9901289749978811,0.9926627969592565,0.9886270177714809,0.5872415250790757,0.7908235972383927,3.752539075348017e-05,0.9724193007771088
355,0.0047374406070906875,0.0002702628576963986,0.05689289401541102,0.08478101327474871,0.1466816100895096,0.00573000985723703,0.7115686849485409,0.12467301189127364,0.1154492514912483,0.9574209538148475,0.982755916549905,0.9682924265953148,0.9900139438189514,0.9854351609372751,0.9700343796936195,0.9965836391767414,0.9895882254355577,0.9922591939000375,0.9884979334588452,0.5855877957868095,0.7899779532344489,3.7462060198375285e-05,0.9720323361061527
356,0.004761220930153842,0.0002677306408361759,0.05690442270797151,0.08478136362092946,0.14671473815033473,0.006293725846962608,0.7112977133637264,0.12466567515400408,0.11545253738066075,0.957709641963089,0.9803595969801892,0.9733009708737864,0.9903934574595404,0.9879750911098271,0.9694089088034474,0.9967521903785262,0.990102193000535,0.9926401930494089,0.9889258325200821,0.580562987661726,0.7874053317235126,3.739863132175809e-05,0.9715073636690568
357,0.0047836633389477905,0.0002567742899098853,0.05690630675906344,0.08475665924250307,0.14670340284473538,0.0055382777495705405,0.711107021984041,0.12467716178745804,0.11544812816180713,0.9567705661521675,0.985125254179576,0.9757281553398058,0.9916991871376227,0.9902239735266541,0.9713913262857039,0.9964476513025332,0.9891739168466244,0.9919519465982434,0.9885823060223412,0.5865413536374899,0.7904655878620467,3.7335104749646e-05,0.9734221123708958
358,0.004701355938157886,0.00027411351424347553,0.056901061608229275,0.08475670238252285,0.1466332335855059,0.005377590776725137,0.7109327025734699,0.12466896599438523,0.11544754826150101,0.9564267915765239,0.987684639349314,0.9732938098095731,0.9915842435692532,0.9903075785775203,0.9744925702668,0.9966416144933792,0.98976199202949,0.9923892636415371,0.9884569542957942,0.5880192659856064,0.7912218099756914,3.7271481109020606e-05,0.9762017375970454
359,0.004794683894962845,0.00026133700713052034,0.05690028474043688,0.08476481085324689,0.14672111615615804,0.005745071209774116,0.7113099603208237,0.12465922098240087,0.11545025451118464,0.9571644913964938,0.980582057713188,0.9805585548208567,0.991729803900627,0.9899251301923032,0.9715125456771844,0.9968606748344848,0.9904325948273309,0.9928856323648325,0.9886030791613981,0.5837805408547843,0.7890525857687366,3.720776102782158e-05,0.9735342714995286
360,0.0047750146185178205,0.00025628845212218666,0.05690054620563057,0.0847650014462403,0.14669685027142262,0.005324231586925725,0.7112586935567116,0.12466986573885142,0.11544795354606265,0.9567007234059467,0.9805815095921926,0.9805303951047182,0.9917720997993318,0.9810080253705107,0.9727341913886258,0.9966568616868166,0.9898133997716578,0.9924254428965835,0.9886772812752364,0.5871849854712621,0.7907943736475135,3.714394513494039e-05,0.9746379822296964
361,0.004702463789307391,0.0002731542463940352,0.056898835390188536,0.08476185268321958,0.14663630461445745,0.005290779320069545,0.7106987469925163,0.12467019016724176,0.11544999481212599,0.9561096859101804,0.9852935255435525,0.9756883809304855,0.990948764685457,0.9900045974409719,0.9737443290252562,0.9966558047279792,0.9898124224447881,0.9924237335355774,0.9884340599215129,0.5837863686319019,0.7890563754427176,3.708003406021414e-05,0.9754647725912764
362,0.004713345963720212,0.0002677483479323473,0.05689849613784508,0.08480282407736531,0.14668241482942215,0.0056881210254264005,0.7110559758003512,0.12466804482467433,0.11544918810340715,0.9568613143782542,0.9804836225826447,0.9781553398058253,0.990840228551017,0.9898014375614234,0.9734899299562134,0.9966936978267126,0.9899264184201413,0.9925089826866682,0.9883498987980264,0.5854012142520869,0.7898828625479851,3.701602843441933e-05,0.9752249598156939
363,0.004698887118403777,0.00028017137363707463,0.05690162349009761,0.08477877557683022,0.14665945762179677,0.006223071612842343,0.7112705380928946,0.12466385107429534,0.11544833238685379,0.9576057692883546,0.978207987461747,0.9805712822386784,0.991234626153438,0.9898560750651678,0.9672495046904162,0.9967209763601036,0.990013851541597,0.992572177661104,0.9885583157896959,0.5870522855611677,0.7907268129726069,3.695192888926564e-05,0.9696480168367183
